timestamp_ms,value,is_anomaly
1404390540000,31.788,0
1404390840000,31.213,0
1404391140000,30.000999999999998,0
1404391440000,31.153000000000002,0
1404391740000,30.268,0
1404392040000,30.052,0
1404392340000,34.9,0
1404392640000,43.547,0
1404392940000,100.0,0
1404393240000,60.173,0
1404393540000,30.429000000000002,0
1404393840000,28.874000000000002,0
1404394140000,31.364,0
1404394440000,30.156,0
1404394740000,30.165,0
1404395040000,31.174,0
1404395340000,29.755,0
1404395640000,30.489,0
1404395940000,34.37,0
1404396240000,43.023999999999994,0
1404396540000,66.833,0
1404396840000,52.313,0
1404397140000,30.498,0
1404397440000,31.166,0
1404397740000,30.160999999999998,0
1404398040000,31.162,0
1404398340000,30.776,0
1404398640000,31.052,0
1404398940000,30.331,0
1404399240000,29.759,0
1404399540000,32.696,0
1404399840000,44.62600000000001,0
1404400140000,100.0,0
1404400440000,64.501,0
1404400740000,30.335,0
1404401040000,30.759,0
1404401340000,31.339000000000002,0
1404401640000,29.851,0
1404401940000,30.055,0
1404402240000,31.500999999999998,0
1404402540000,30.331,0
1404402840000,30.000999999999998,0
1404403140000,33.143,0
1404403440000,45.835,0
1404403740000,100.0,0
1404404040000,66.95,0
1404404340000,29.719,0
1404404640000,30.469,0
1404404940000,31.833000000000002,0
1404405240000,31.69400000000001,0
1404405540000,29.545,0
1404405840000,31.334,0
1404406140000,30.523000000000003,0
1404406440000,30.162,0
1404406740000,32.806,0
1404407040000,45.43600000000001,0
1404407340000,100.0,0
1404407640000,60.38399999999999,0
1404407940000,29.336,0
1404408240000,29.95300000000001,0
1404408540000,32.67,0
1404408840000,29.304000000000002,0
1404409140000,30.546999999999997,0
1404409440000,31.113000000000003,0
1404409740000,30.553,0
1404410040000,30.834,0
1404410340000,32.504,0
1404410640000,44.336999999999996,0
1404410940000,66.382,0
1404411240000,52.486999999999995,0
1404411540000,31.285,0
1404411840000,29.88300000000001,0
1404412140000,31.954,0
1404412440000,30.513,0
1404412740000,29.951999999999998,0
1404413040000,31.539,0
1404413340000,30.478,0
1404413640000,29.713,0
1404413940000,34.565,0
1404414240000,43.702,0
1404414540000,100.0,0
1404414840000,65.335,0
1404415140000,30.166999999999998,0
1404415440000,31.284000000000002,0
1404415740000,32.009,0
1404416040000,30.371,0
1404416340000,30.834,0
1404416640000,31.156999999999996,0
1404416940000,30.998,0
1404417240000,30.005,0
1404417540000,32.289,0
1404417840000,45.552,0
1404418140000,100.0,0
1404418440000,65.953,0
1404418740000,31.669,0
1404419040000,28.662,0
1404419340000,31.885,0
1404419640000,30.164,0
1404419940000,30.160999999999998,0
1404420240000,31.494,0
1404420540000,31.498,0
1404420840000,28.835,0
1404421140000,34.188,0
1404421440000,45.257,0
1404421740000,100.0,0
1404422040000,66.49,0
1404422340000,29.68,0
1404422640000,31.334,0
1404422940000,31.156,0
1404423240000,30.874000000000002,0
1404423540000,30.951999999999998,0
1404423840000,30.656,0
1404424140000,30.624000000000002,0
1404424440000,29.998,0
1404424740000,33.453,0
1404425040000,44.338,0
1404425340000,100.0,0
1404425640000,65.904,0
1404425940000,30.105999999999998,0
1404426240000,31.119,0
1404426540000,31.833000000000002,0
1404426840000,30.336,0
1404427140000,30.818,0
1404427440000,31.843000000000004,0
1404427740000,30.214000000000002,0
1404428040000,29.949,0
1404428340000,33.277,0
1404428640000,45.218,0
1404428940000,64.99600000000001,0
1404429240000,46.446999999999996,0
1404429540000,29.893,0
1404429840000,31.305,0
1404430140000,32.147,0
1404430440000,29.715999999999998,0
1404430740000,30.666999999999998,0
1404431040000,30.995,0
1404431340000,31.151,0
1404431640000,29.488000000000003,0
1404431940000,32.596,0
1404432240000,45.333,0
1404432540000,100.0,0
1404432840000,66.62100000000001,0
1404433140000,30.386999999999997,0
1404433440000,30.163,0
1404433740000,31.505,0
1404434040000,30.449,0
1404434340000,29.884,0
1404434640000,30.958000000000002,0
1404434940000,30.544,0
1404435240000,31.113000000000003,0
1404435540000,32.866,0
1404435840000,45.00100000000001,0
1404436140000,100.0,0
1404436440000,65.12,0
1404436740000,33.096,0
1404437040000,28.549,0
1404437340000,32.486999999999995,0
1404437640000,30.0,0
1404437940000,30.331,0
1404438240000,32.924,0
1404438540000,28.531,0
1404438840000,30.166999999999998,0
1404439140000,33.677,0
1404439440000,44.295,0
1404439740000,64.993,0
1404440040000,45.707,0
1404440340000,30.915,0
1404440640000,29.861,0
1404440940000,31.19400000000001,0
1404441240000,31.211,0
1404441540000,29.616999999999997,0
1404441840000,31.491999999999997,0
1404442140000,31.215999999999998,0
1404442440000,29.666,0
1404442740000,32.133,0
1404443040000,45.711999999999996,0
1404443340000,66.999,0
1404443640000,51.81800000000001,0
1404443940000,33.834,0
1404444240000,31.340999999999998,0
1404444540000,32.126999999999995,0
1404444840000,31.165,0
1404445140000,29.875999999999998,0
1404445440000,33.659,0
1404445740000,31.329,0
1404446040000,29.63300000000001,0
1404446340000,33.052,0
1404446640000,45.332,0
1404446940000,100.0,0
1404447240000,65.666,0
1404447540000,30.331999999999997,0
1404447840000,31.236,0
1404448140000,30.378,0
1404448440000,29.816999999999997,0
1404448740000,30.287,0
1404449040000,31.551,0
1404449340000,30.331999999999997,0
1404449640000,30.455,0
1404449940000,33.168,0
1404450240000,44.214,0
1404450540000,100.0,0
1404450840000,65.954,0
1404451140000,30.502,0
1404451440000,29.881,0
1404451740000,33.403,0
1404452040000,29.041,0
1404452340000,30.738000000000003,0
1404452640000,31.713,0
1404452940000,30.38300000000001,0
1404453240000,30.166999999999998,0
1404453540000,33.188,0
1404453840000,44.95399999999999,0
1404454140000,100.0,0
1404454440000,65.62,0
1404454740000,31.714000000000002,0
1404455040000,30.583000000000002,0
1404455340000,32.336999999999996,0
1404455640000,30.479,0
1404455940000,30.213,0
1404456240000,31.166,0
1404456540000,30.644000000000002,0
1404456840000,30.334,0
1404457140000,34.806,0
1404457440000,43.217,0
1404457740000,100.0,0
1404458040000,65.834,0
1404458340000,31.83,0
1404458640000,29.499000000000002,0
1404458940000,31.67,0
1404459240000,30.148000000000003,0
1404459540000,30.333000000000002,0
1404459840000,30.941999999999997,0
1404460140000,30.333000000000002,0
1404460440000,30.054000000000002,0
1404460740000,35.259,0
1404461040000,43.045,0
1404461340000,100.0,0
1404461640000,66.767,0
1404461940000,28.866999999999997,0
1404462240000,30.287,0
1404462540000,32.448,0
1404462840000,30.64,0
1404463140000,29.721,0
1404463440000,30.864,0
1404463740000,30.765,0
1404464040000,29.689,0
1404464340000,33.056999999999995,0
1404464640000,45.001999999999995,0
1404464940000,100.0,0
1404465240000,66.499,0
1404465540000,29.545,0
1404465840000,30.214000000000002,0
1404466140000,31.497,0
1404466440000,29.998,0
1404466740000,31.316999999999997,0
1404467040000,31.666999999999998,0
1404467340000,29.651,0
1404467640000,31.16800000000001,0
1404467940000,32.232,0
1404468240000,44.221000000000004,0
1404468540000,100.0,0
1404468840000,65.62100000000001,0
1404469140000,31.88,0
1404469440000,29.491999999999997,0
1404469740000,31.666,0
1404470040000,30.763,0
1404470340000,29.363000000000003,0
1404470640000,31.618000000000002,0
1404470940000,30.048000000000002,0
1404471240000,30.285,0
1404471540000,33.211,0
1404471840000,44.5,0
1404472140000,64.832,0
1404472440000,45.998999999999995,0
1404472740000,29.628,0
1404473040000,30.546,0
1404473340000,31.91800000000001,0
1404473640000,31.381999999999998,0
1404473940000,29.499000000000002,0
1404474240000,31.484,0
1404474540000,30.153000000000002,0
1404474840000,29.947,0
1404475140000,32.711,0
1404475440000,44.806999999999995,0
1404475740000,100.0,0
1404476040000,65.999,0
1404476340000,30.666999999999998,0
1404476640000,30.131,0
1404476940000,32.62,0
1404477240000,30.833000000000002,0
1404477540000,29.333000000000002,0
1404477840000,31.201999999999998,0
1404478140000,30.730999999999998,0
1404478440000,29.88,0
1404478740000,33.833,0
1404479040000,44.812,0
1404479340000,100.0,0
1404479640000,66.233,0
1404479940000,30.546999999999997,0
1404480240000,29.968000000000004,0
1404480540000,32.5,0
1404480840000,29.454,0
1404481140000,31.968000000000004,0
1404481440000,30.99,0
1404481740000,31.026,0
1404482040000,29.456,0
1404482340000,32.865,0
1404482640000,44.332,0
1404482940000,100.0,0
1404483240000,66.485,0
1404483540000,30.17,0
1404483840000,30.999000000000002,0
1404484140000,30.805,0
1404484440000,30.726999999999997,0
1404484740000,30.430999999999997,0
1404485040000,32.168,0
1404485340000,29.999000000000002,0
1404485640000,30.121,0
1404485940000,33.552,0
1404486240000,44.667,0
1404486540000,65.169,0
1404486840000,45.229,0
1404487140000,31.166,0
1404487440000,30.331,0
1404487740000,31.997,0
1404488040000,31.499000000000002,0
1404488340000,29.785999999999998,0
1404488640000,31.046999999999997,0
1404488940000,30.335,0
1404489240000,31.539,0
1404489540000,31.656,0
1404489840000,44.381,0
1404490140000,100.0,0
1404490440000,66.0,0
1404490740000,30.749000000000002,0
1404491040000,30.351,0
1404491340000,31.099,0
1404491640000,31.69,0
1404491940000,29.948,0
1404492240000,31.88300000000001,0
1404492540000,29.991,0
1404492840000,30.625999999999998,0
1404493140000,32.666,0
1404493440000,45.275,0
1404493740000,100.0,0
1404494040000,72.6,0
1404494340000,30.226999999999997,0
1404494640000,31.458000000000002,0
1404494940000,32.166,0
1404495240000,30.623,0
1404495540000,30.046999999999997,0
1404495840000,31.284000000000002,0
1404496140000,30.164,0
1404496440000,31.334,0
1404496740000,32.787,0
1404497040000,43.82100000000001,0
1404497340000,100.0,0
1404497640000,65.336,0
1404497940000,32.104,0
1404498240000,30.705,0
1404498540000,31.45300000000001,0
1404498840000,30.335,0
1404499140000,30.66,0
1404499440000,31.498,0
1404499740000,32.054,0
1404500040000,29.084,0
1404500340000,33.828,0
1404500640000,44.797,0
1404500940000,100.0,0
1404501240000,65.833,0
1404501540000,31.115,0
1404501840000,30.169,0
1404502140000,31.796999999999997,0
1404502440000,30.16800000000001,0
1404502740000,30.424,0
1404503040000,31.724,0
1404503340000,30.337,0
1404503640000,30.66,0
1404503940000,34.324,0
1404504240000,43.835,0
1404504540000,100.0,0
1404504840000,66.6,0
1404505140000,30.17,0
1404505440000,30.541999999999998,0
1404505740000,31.334,0
1404506040000,31.17,0
1404506340000,30.156999999999996,0
1404506640000,31.831,0
1404506940000,31.166999999999998,0
1404507240000,30.131999999999998,0
1404507540000,32.338,0
1404507840000,44.478,0
1404508140000,100.0,0
1404508440000,66.27600000000001,0
1404508740000,30.101,0
1404509040000,30.788,0
1404509340000,31.886999999999997,0
1404509640000,30.447,0
1404509940000,31.324,0
1404510240000,32.257,0
1404510540000,29.538,0
1404510840000,30.0,0
1404511140000,32.955999999999996,0
1404511440000,45.216,0
1404511740000,100.0,0
1404512040000,73.104,0
1404512340000,30.538,0
1404512640000,30.999000000000002,0
1404512940000,31.785,0
1404513240000,30.715999999999998,0
1404513540000,30.331999999999997,0
1404513840000,30.997,0
1404514140000,30.665,0
1404514440000,30.165,0
1404514740000,33.815,0
1404515040000,44.676,0
1404515340000,100.0,0
1404515640000,65.493,0
1404515940000,31.869,0
1404516240000,29.345,0
1404516540000,31.645,0
1404516840000,30.358,0
1404517140000,32.071,0
1404517440000,31.665,0
1404517740000,29.287,0
1404518040000,31.648000000000003,0
1404518340000,32.169000000000004,0
1404518640000,46.0,0
1404518940000,100.0,0
1404519240000,71.833,0
1404519540000,31.166999999999998,0
1404519840000,30.335,0
1404520140000,31.572,0
1404520440000,30.213,0
1404520740000,30.445999999999998,0
1404521040000,31.5,0
1404521340000,32.146,0
1404521640000,28.861,0
1404521940000,33.461999999999996,0
1404522240000,44.784,0
1404522540000,100.0,0
1404522840000,72.833,0
1404523140000,31.169,0
1404523440000,29.166999999999998,0
1404523740000,32.0,0
1404524040000,30.22,0
1404524340000,30.745,0
1404524640000,31.441999999999997,0
1404524940000,30.033,0
1404525240000,30.289,0
1404525540000,33.383,0
1404525840000,44.598,0
1404526140000,66.982,0
1404526440000,54.08,0
1404526740000,30.318,0
1404527040000,29.875,0
1404527340000,32.89,0
1404527640000,29.666,0
1404527940000,30.834,0
1404528240000,31.615,0
1404528540000,29.879,0
1404528840000,29.796,0
1404529140000,33.162,0
1404529440000,45.78100000000001,0
1404529740000,100.0,0
1404530040000,72.0,0
1404530340000,31.611,0
1404530640000,30.166,0
1404530940000,37.754,0
1404531240000,32.713,0
1404531540000,29.511,0
1404531840000,31.715999999999998,0
1404532140000,31.12,0
1404532440000,30.854,0
1404532740000,32.999,0
1404533040000,44.832,0
1404533340000,66.79,0
1404533640000,52.50100000000001,0
1404533940000,29.998,0
1404534240000,30.381,0
1404534540000,31.8,0
1404534840000,29.686999999999998,0
1404535140000,31.666,0
1404535440000,30.951999999999998,0
1404535740000,28.986,0
1404536040000,30.046999999999997,0
1404536340000,33.5,0
1404536640000,44.451,0
1404536940000,100.0,0
1404537240000,71.714,0
1404537540000,30.549,0
1404537840000,30.229,0
1404538140000,31.544,0
1404538440000,30.664,0
1404538740000,30.67,0
1404539040000,30.587,0
1404539340000,31.031999999999996,0
1404539640000,30.95,0
1404539940000,32.716,0
1404540240000,45.755,0
1404540540000,66.501,0
1404540840000,53.152,0
1404541140000,30.053,0
1404541440000,29.749000000000002,0
1404541740000,31.333000000000002,0
1404542040000,30.498,0
1404542340000,30.921,0
1404542640000,31.603,0
1404542940000,30.331,0
1404543240000,30.4,0
1404543540000,33.171,0
1404543840000,44.205,0
1404544140000,100.0,0
1404544440000,72.0,0
1404544740000,30.5,0
1404545040000,30.384,0
1404545340000,31.611,0
1404545640000,30.379,0
1404545940000,30.66800000000001,0
1404546240000,31.5,0
1404546540000,30.926,0
1404546840000,30.213,0
1404547140000,34.239000000000004,0
1404547440000,44.335,0
1404547740000,100.0,0
1404548040000,72.833,0
1404548340000,31.644000000000002,0
1404548640000,29.211,0
1404548940000,31.666,0
1404549240000,29.785,0
1404549540000,30.506999999999998,0
1404549840000,31.334,0
1404550140000,30.498,0
1404550440000,30.927,0
1404550740000,32.359,0
1404551040000,44.00100000000001,0
1404551340000,100.0,0
1404551640000,71.827,0
1404551940000,31.002,0
1404552240000,30.0,0
1404552540000,31.219,0
1404552840000,30.105,0
1404553140000,30.337,0
1404553440000,30.991,0
1404553740000,30.502,0
1404554040000,30.666,0
1404554340000,33.264,0
1404554640000,45.887,0
1404554940000,100.0,0
1404555240000,71.833,0
1404555540000,30.219,0
1404555840000,29.968000000000004,0
1404556140000,32.016999999999996,0
1404556440000,30.261999999999997,0
1404556740000,30.665,0
1404557040000,32.131,0
1404557340000,29.774,0
1404557640000,30.166999999999998,0
1404557940000,34.214,0
1404558240000,43.157,0
1404558540000,100.0,0
1404558840000,66.0,0
1404559140000,30.38300000000001,0
1404559440000,30.45,0
1404559740000,31.55,0
1404560040000,30.5,0
1404560340000,30.664,0
1404560640000,31.166,0
1404560940000,30.301,0
1404561240000,30.499000000000002,0
1404561540000,32.62,0
1404561840000,46.17,0
1404562140000,100.0,0
1404562440000,72.5,0
1404562740000,30.500999999999998,0
1404563040000,31.333000000000002,0
1404563340000,30.999000000000002,0
1404563640000,31.274,0
1404563940000,30.046999999999997,0
1404564240000,31.666,0
1404564540000,29.409000000000002,0
1404564840000,30.353,0
1404565140000,33.998000000000005,0
1404565440000,44.288000000000004,0
1404565740000,100.0,0
1404566040000,72.5,0
1404566340000,32.008,0
1404566640000,30.845,0
1404566940000,30.554000000000002,0
1404567240000,30.825,0
1404567540000,30.761999999999997,0
1404567840000,31.384,0
1404568140000,30.469,0
1404568440000,29.999000000000002,0
1404568740000,34.132,0
1404569040000,44.98,0
1404569340000,100.0,0
1404569640000,72.001,0
1404569940000,31.215999999999998,0
1404570240000,29.618000000000002,0
1404570540000,31.552,0
1404570840000,29.643,0
1404571140000,30.596999999999998,0
1404571440000,31.173000000000002,0
1404571740000,31.999000000000002,0
1404572040000,29.166999999999998,0
1404572340000,33.881,0
1404572640000,44.45399999999999,0
1404572940000,100.0,0
1404573240000,72.911,0
1404573540000,30.128,0
1404573840000,29.995,0
1404574140000,32.666,0
1404574440000,29.491999999999997,0
1404574740000,30.820999999999998,0
1404575040000,31.787,0
1404575340000,32.315,0
1404575640000,29.316999999999997,0
1404575940000,32.217,0
1404576240000,45.321999999999996,0
1404576540000,100.0,0
1404576840000,72.047,0
1404577140000,30.165,0
1404577440000,30.954,0
1404577740000,31.329,0
1404578040000,31.618000000000002,0
1404578340000,30.884,0
1404578640000,30.599,0
1404578940000,30.834,0
1404579240000,30.000999999999998,0
1404579540000,32.883,0
1404579840000,45.498999999999995,0
1404580140000,100.0,0
1404580440000,72.0,0
1404580740000,31.766,0
1404581040000,30.665,0
1404581340000,31.575,0
1404581640000,31.499000000000002,0
1404581940000,29.16800000000001,0
1404582240000,32.0,0
1404582540000,29.500999999999998,0
1404582840000,29.998,0
1404583140000,34.806999999999995,0
1404583440000,44.007,0
1404583740000,100.0,0
1404584040000,71.666,0
1404584340000,30.265,0
1404584640000,30.928,0
1404584940000,31.326999999999998,0
1404585240000,29.988000000000003,0
1404585540000,31.298000000000002,0
1404585840000,29.659000000000002,0
1404586140000,31.38300000000001,0
1404586440000,28.846999999999998,0
1404586740000,34.126,0
1404587040000,44.541000000000004,0
1404587340000,65.0,0
1404587640000,51.977,0
1404587940000,30.285999999999998,0
1404588240000,30.718000000000004,0
1404588540000,32.251999999999995,0
1404588840000,29.719,0
1404589140000,31.159000000000002,0
1404589440000,30.999000000000002,0
1404589740000,31.166,0
1404590040000,29.851999999999997,0
1404590340000,33.334,0
1404590640000,43.953,0
1404590940000,100.0,0
1404591240000,71.882,0
1404591540000,31.165,0
1404591840000,30.448,0
1404592140000,33.713,0
1404592440000,29.964000000000002,0
1404592740000,30.211,0
1404593040000,31.674,0
1404593340000,30.998,0
1404593640000,29.334,0
1404593940000,33.332,0
1404594240000,44.34,0
1404594540000,64.954,0
1404594840000,53.551,0
1404595140000,29.331999999999997,0
1404595440000,31.000999999999998,0
1404595740000,31.985,0
1404596040000,30.618000000000002,0
1404596340000,29.682,0
1404596640000,31.500999999999998,0
1404596940000,31.12,0
1404597240000,29.156,0
1404597540000,32.94,0
1404597840000,45.434,0
1404598140000,100.0,0
1404598440000,72.666,0
1404598740000,31.083000000000002,0
1404599040000,29.59800000000001,0
1404599340000,32.38,0
1404599640000,29.998,0
1404599940000,30.06900000000001,0
1404600240000,32.05,0
1404600540000,30.287,0
1404600840000,30.214000000000002,0
1404601140000,33.98,0
1404601440000,45.301,0
1404601740000,100.0,0
1404602040000,73.107,0
1404602340000,29.709,0
1404602640000,29.712,0
1404602940000,32.387,0
1404603240000,30.34800000000001,0
1404603540000,30.502,0
1404603840000,32.705,0
1404604140000,30.116999999999997,0
1404604440000,30.820999999999998,0
1404604740000,32.9,0
1404605040000,45.001999999999995,0
1404605340000,67.765,0
1404605640000,51.523,0
1404605940000,31.971999999999998,0
1404606240000,29.166999999999998,0
1404606540000,30.859,0
1404606840000,30.889,0
1404607140000,30.166999999999998,0
1404607440000,32.167,0
1404607740000,30.165,0
1404608040000,29.951,0
1404608340000,33.603,0
1404608640000,44.868,0
1404608940000,100.0,0
1404609240000,72.465,0
1404609540000,29.261999999999997,0
1404609840000,31.518,0
1404610140000,31.03,0
1404610440000,31.25800000000001,0
1404610740000,29.789,0
1404611040000,31.116999999999997,0
1404611340000,30.041,0
1404611640000,30.666,0
1404611940000,34.166,0
1404612240000,44.17100000000001,0
1404612540000,65.115,0
1404612840000,51.551,0
1404613140000,32.351,0
1404613440000,30.910999999999998,0
1404613740000,30.738000000000003,0
1404614040000,30.511,0
1404614340000,30.498,0
1404614640000,31.659000000000002,0
1404614940000,31.771,0
1404615240000,30.076,0
1404615540000,32.417,0
1404615840000,44.832,0
1404616140000,100.0,0
1404616440000,71.668,0
1404616740000,31.05,0
1404617040000,33.424,0
1404617340000,32.279,0
1404617640000,31.092,0
1404617940000,30.0,0
1404618240000,31.053,0
1404618540000,31.334,0
1404618840000,30.158,0
1404619140000,32.879,0
1404619440000,44.333,0
1404619740000,100.0,0
1404620040000,72.833,0
1404620340000,30.345,0
1404620640000,31.47300000000001,0
1404620940000,29.45300000000001,0
1404621240000,32.133,0
1404621540000,29.338,0
1404621840000,30.956,0
1404622140000,30.425,0
1404622440000,31.307,0
1404622740000,32.534,0
1404623040000,44.67100000000001,0
1404623340000,100.0,0
1404623640000,73.333,0
1404623940000,29.999000000000002,0
1404624240000,29.759,0
1404624540000,31.885,0
1404624840000,31.164,0
1404625140000,30.165,0
1404625440000,31.334,0
1404625740000,30.785,0
1404626040000,29.842,0
1404626340000,33.381,0
1404626640000,45.333,0
1404626940000,100.0,0
1404627240000,73.259,0
1404627540000,30.201999999999998,0
1404627840000,31.331999999999997,0
1404628140000,31.49,0
1404628440000,29.81,0
1404628740000,30.659000000000002,0
1404629040000,31.665,0
1404629340000,30.998,0
1404629640000,29.64,0
1404629940000,33.047,0
1404630240000,44.166000000000004,0
1404630540000,100.0,0
1404630840000,71.999,0
1404631140000,30.285999999999998,0
1404631440000,31.34800000000001,0
1404631740000,31.666,0
1404632040000,29.721,0
1404632340000,30.573,0
1404632640000,30.998,0
1404632940000,29.482,0
1404633240000,30.82,0
1404633540000,33.856,0
1404633840000,43.918,0
1404634140000,31.156999999999996,0
1404634440000,31.498,0
1404634740000,30.166,0
1404635040000,30.974,0
1404635340000,30.678,0
1404635640000,29.954,0
1404635940000,31.822,0
1404636240000,30.704,0
1404636540000,30.754,0
1404636840000,30.549,0
1404637140000,34.117,0
1404637440000,44.825,0
1404637740000,100.0,0
1404638040000,73.115,0
1404638340000,29.456,0
1404638640000,30.706999999999997,0
1404638940000,31.662,0
1404639240000,31.0,0
1404639540000,29.84800000000001,0
1404639840000,31.166,0
1404640140000,31.997,0
1404640440000,28.833000000000002,0
1404640740000,33.833,0
1404641040000,44.453,0
1404641340000,100.0,0
1404641640000,71.738,0
1404641940000,30.708000000000002,0
1404642240000,31.462,0
1404642540000,30.143,0
1404642840000,31.526,0
1404643140000,29.81900000000001,0
1404643440000,31.495,0
1404643740000,31.116999999999997,0
1404644040000,30.0,0
1404644340000,32.714,0
1404644640000,44.332,0
1404644940000,100.0,0
1404645240000,72.824,0
1404645540000,30.04,0
1404645840000,30.5,0
1404646140000,31.923000000000002,0
1404646440000,30.05,0
1404646740000,31.41800000000001,0
1404647040000,32.931999999999995,0
1404647340000,28.537,0
1404647640000,31.377,0
1404647940000,32.023,0
1404648240000,45.095,0
1404648540000,100.0,0
1404648840000,72.0,0
1404649140000,30.333000000000002,0
1404649440000,31.416999999999998,0
1404649740000,31.213,0
1404650040000,31.261,0
1404650340000,30.49,0
1404650640000,31.095,0
1404650940000,30.076,0
1404651240000,30.665,0
1404651540000,33.162,0
1404651840000,45.005,0
1404652140000,100.0,0
1404652440000,72.312,0
1404652740000,30.714000000000002,0
1404653040000,29.881999999999998,0
1404653340000,31.648000000000003,0
1404653640000,29.840999999999998,0
1404653940000,31.303,0
1404654240000,31.945999999999998,0
1404654540000,29.72,0
1404654840000,30.165,0
1404655140000,33.334,0
1404655440000,44.805,0
1404655740000,100.0,0
1404656040000,71.214,0
1404656340000,30.622,0
1404656640000,31.148000000000003,0
1404656940000,30.869,0
1404657240000,30.474,0
1404657540000,30.305,0
1404657840000,31.127,0
1404658140000,31.715999999999998,0
1404658440000,28.954,0
1404658740000,35.479,0
1404659040000,43.32100000000001,0
1404659340000,65.0,0
1404659640000,50.702,0
1404659940000,29.756,0
1404660240000,30.499000000000002,0
1404660540000,32.95,0
1404660840000,29.695,0
1404661140000,31.665,0
1404661440000,31.928,0
1404661740000,29.219,0
1404662040000,31.166,0
1404662340000,32.833,0
1404662640000,45.166000000000004,0
1404662940000,100.0,0
1404663240000,72.28699999999998,0
1404663540000,30.553,0
1404663840000,30.599,0
1404664140000,31.5,0
1404664440000,31.665,0
1404664740000,29.183000000000003,0
1404665040000,31.498,0
1404665340000,30.000999999999998,0
1404665640000,30.116999999999997,0
1404665940000,33.041,0
1404666240000,44.332,0
1404666540000,65.505,0
1404666840000,51.007,0
1404667140000,32.716,0
1404667440000,30.526,0
1404667740000,30.834,0
1404668040000,29.334,0
1404668340000,31.074,0
1404668640000,31.05,0
1404668940000,29.961,0
1404669240000,30.831999999999997,0
1404669540000,33.17,0
1404669840000,44.655,0
1404670140000,100.0,0
1404670440000,71.542,0
1404670740000,30.273000000000003,0
1404671040000,30.954,0
1404671340000,31.046999999999997,0
1404671640000,30.831,0
1404671940000,30.331999999999997,0
1404672240000,31.78,0
1404672540000,31.052,0
1404672840000,29.95,0
1404673140000,34.027,0
1404673440000,44.294,0
1404673740000,100.0,0
1404674040000,71.833,0
1404674340000,30.76,0
1404674640000,31.35,0
1404674940000,31.478,0
1404675240000,30.471999999999998,0
1404675540000,30.651999999999997,0
1404675840000,32.126999999999995,0
1404676140000,29.384,0
1404676440000,31.818,0
1404676740000,32.059,0
1404677040000,45.608000000000004,0
1404677340000,100.0,0
1404677640000,71.545,0
1404677940000,31.123,0
1404678240000,30.219,0
1404678540000,31.779,0
1404678840000,31.215,0
1404679140000,31.331999999999997,0
1404679440000,31.296999999999997,0
1404679740000,31.666,0
1404680040000,28.833000000000002,0
1404680340000,34.769,0
1404680640000,42.812,0
1404680940000,65.834,0
1404681240000,51.216,0
1404681540000,31.16800000000001,0
1404681840000,29.303,0
1404682140000,31.787,0
1404682440000,30.535999999999998,0
1404682740000,31.1,0
1404683040000,31.5,0
1404683340000,30.35,0
1404683640000,30.666999999999998,0
1404683940000,31.965999999999998,0
1404684240000,46.166000000000004,0
1404684540000,100.0,0
1404684840000,72.207,0
1404685140000,30.666,0
1404685440000,30.951,0
1404685740000,31.381999999999998,0
1404686040000,30.62,0
1404686340000,29.811999999999998,0
1404686640000,32.961999999999996,0
1404686940000,29.858,0
1404687240000,30.499000000000002,0
1404687540000,33.292,0
1404687840000,44.5,0
1404688140000,100.0,0
1404688440000,72.047,0
1404688740000,31.329,0
1404689040000,30.656999999999996,0
1404689340000,32.626,0
1404689640000,29.846999999999998,0
1404689940000,31.122,0
1404690240000,31.127,0
1404690540000,30.523000000000003,0
1404690840000,29.665,0
1404691140000,32.805,0
1404691440000,45.28,0
1404691740000,100.0,0
1404692040000,72.666,0
1404692340000,31.759,0
1404692640000,31.166,0
1404692940000,31.083000000000002,0
1404693240000,30.57800000000001,0
1404693540000,31.665,0
1404693840000,30.0,0
1404694140000,31.599,0
1404694440000,29.381,0
1404694740000,33.333,0
1404695040000,45.06100000000001,0
1404695340000,100.0,0
1404695640000,72.333,0
1404695940000,31.427,0
1404696240000,29.500999999999998,0
1404696540000,32.949,0
1404696840000,31.055,0
1404697140000,30.831999999999997,0
1404697440000,30.66,0
1404697740000,30.048000000000002,0
1404698040000,30.116999999999997,0
1404698340000,34.653,0
1404698640000,45.369,0
1404698940000,65.556,0
1404699240000,51.285,0
1404699540000,31.75,0
1404699840000,29.249000000000002,0
1404700140000,31.838,0
1404700440000,30.38,0
1404700740000,31.066999999999997,0
1404701040000,30.549,0
1404701340000,31.502,0
1404701640000,29.726999999999997,0
1404701940000,32.586,0
1404702240000,44.49,0
1404702540000,100.0,0
1404702840000,71.29,0
1404703140000,30.695,0
1404703440000,32.384,0
1404703740000,34.150999999999996,0
1404704040000,30.627,0
1404704340000,33.508,0
1404704640000,32.971,0
1404704940000,29.835,0
1404705240000,30.287,0
1404705540000,33.733000000000004,0
1404705840000,44.0,0
1404706140000,100.0,0
1404706440000,71.333,0
1404706740000,31.923000000000002,0
1404707040000,28.863000000000003,0
1404707340000,32.498000000000005,0
1404707640000,30.461,0
1404707940000,30.924,0
1404708240000,30.833000000000002,0
1404708540000,30.833000000000002,0
1404708840000,29.833000000000002,0
1404709140000,33.717,0
1404709440000,44.16,0
1404709740000,100.0,0
1404710040000,72.617,0
1404710340000,30.65,0
1404710640000,31.186,0
1404710940000,30.45300000000001,0
1404711240000,30.166,0
1404711540000,30.515,0
1404711840000,31.205,0
1404712140000,30.331999999999997,0
1404712440000,30.498,0
1404712740000,32.784,0
1404713040000,44.88,0
1404713340000,100.0,0
1404713640000,73.44,0
1404713940000,31.476999999999997,0
1404714240000,28.357,0
1404714540000,31.838,0
1404714840000,30.331999999999997,0
1404715140000,30.95300000000001,0
1404715440000,31.55,0
1404715740000,29.884,0
1404716040000,30.545,0
1404716340000,33.501999999999995,0
1404716640000,44.494,0
1404716940000,65.501,0
1404717240000,51.978,0
1404717540000,28.989,0
1404717840000,31.704,0
1404718140000,31.316999999999997,0
1404718440000,29.331999999999997,0
1404718740000,30.336,0
1404719040000,31.445999999999998,0
1404719340000,30.719,0
1404719640000,29.785999999999998,0
1404719940000,33.458,0
1404720240000,44.05,0
1404720540000,100.0,0
1404720840000,72.167,0
1404721140000,30.660999999999998,0
1404721440000,30.831999999999997,0
1404721740000,30.498,0
1404722040000,31.772,0
1404722340000,29.816,0
1404722640000,31.671,0
1404722940000,30.801,0
1404723240000,29.505,0
1404723540000,33.167,0
1404723840000,44.62,0
1404724140000,64.834,0
1404724440000,51.702,0
1404724740000,30.076999999999998,0
1404725040000,29.423000000000002,0
1404725340000,32.262,0
1404725640000,28.885,0
1404725940000,30.634,0
1404726240000,32.167,0
1404726540000,31.432,0
1404726840000,29.54,0
1404727140000,33.951,0
1404727440000,44.312,0
1404727740000,100.0,0
1404728040000,72.218,0
1404728340000,30.99,0
1404728640000,31.787,0
1404728940000,31.38,0
1404729240000,29.955,0
1404729540000,30.337,0
1404729840000,31.548000000000002,0
1404730140000,29.831999999999997,0
1404730440000,30.331999999999997,0
1404730740000,33.93,0
1404731040000,44.051,0
1404731340000,100.0,0
1404731640000,71.384,0
1404731940000,30.476,0
1404732240000,30.554000000000002,0
1404732540000,31.259,0
1404732840000,30.603,0
1404733140000,31.224,0
1404733440000,30.88,0
1404733740000,30.515,0
1404734040000,30.983,0
1404734340000,33.099000000000004,0
1404734640000,44.665,0
1404734940000,100.0,0
1404735240000,72.166,0
1404735540000,31.116,0
1404735840000,30.839000000000002,0
1404736140000,31.833000000000002,0
1404736440000,30.166,0
1404736740000,31.171,0
1404737040000,30.623,0
1404737340000,30.359,0
1404737640000,30.673000000000002,0
1404737940000,33.458,0
1404738240000,44.88,0
1404738540000,100.0,0
1404738840000,72.12,0
1404739140000,30.385,0
1404739440000,30.495,0
1404739740000,32.437,0
1404740040000,30.888,0
1404740340000,30.730999999999998,0
1404740640000,31.665,0
1404740940000,30.166,0
1404741240000,30.313000000000002,0
1404741540000,33.618,0
1404741840000,44.885,0
1404742140000,65.112,0
1404742440000,51.047,0
1404742740000,30.331999999999997,0
1404743040000,31.119,0
1404743340000,32.481,0
1404743640000,28.764,0
1404743940000,30.051,0
1404744240000,31.165,0
1404744540000,30.136999999999997,0
1404744840000,31.766,0
1404745140000,31.541999999999998,0
1404745440000,45.117,0
1404745740000,65.051,0
1404746040000,51.5,0
1404746340000,30.778000000000002,0
1404746640000,30.712,0
1404746940000,31.004,0
1404747240000,30.285999999999998,0
1404747540000,30.834,0
1404747840000,31.05,0
1404748140000,30.166,0
1404748440000,30.619,0
1404748740000,33.053000000000004,0
1404749040000,44.58600000000001,0
1404749340000,64.83800000000001,0
1404749640000,52.473,0
1404749940000,29.872,0
1404750240000,30.499000000000002,0
1404750540000,31.299,0
1404750840000,30.386,0
1404751140000,30.386999999999997,0
1404751440000,31.225,0
1404751740000,31.798000000000002,0
1404752040000,30.116999999999997,0
1404752340000,32.189,0
1404752640000,45.145,0
1404752940000,100.0,0
1404753240000,72.167,0
1404753540000,30.410999999999998,0
1404753840000,31.211,0
1404754140000,30.813000000000002,0
1404754440000,29.795,0
1404754740000,29.949,0
1404755040000,31.384,0
1404755340000,30.499000000000002,0
1404755640000,29.833000000000002,0
1404755940000,33.286,0
1404756240000,44.833,0
1404756540000,66.52,0
1404756840000,52.21,0
1404757140000,30.935,0
1404757440000,31.112,0
1404757740000,34.247,0
1404758040000,29.215,0
1404758340000,30.835,0
1404758640000,31.166999999999998,0
1404758940000,30.835,0
1404759240000,30.0,0
1404759540000,33.308,0
1404759840000,44.333,0
1404760140000,100.0,0
1404760440000,71.834,0
1404760740000,32.435,0
1404761040000,29.156999999999996,0
1404761340000,31.764,0
1404761640000,31.049,0
1404761940000,30.296,0
1404762240000,31.189,0
1404762540000,30.789,0
1404762840000,29.881999999999998,0
1404763140000,33.946,0
1404763440000,44.38399999999999,0
1404763740000,100.0,0
1404764040000,72.214,0
1404764340000,31.278000000000002,0
1404764640000,30.496,0
1404764940000,31.499000000000002,0
1404765240000,31.33,0
1404765540000,31.425,0
1404765840000,31.549,0
1404766140000,29.642,0
1404766440000,30.504,0
1404766740000,33.512,0
1404767040000,43.333,0
1404767340000,100.0,0
1404767640000,72.832,0
1404767940000,30.79,0
1404768240000,30.215999999999998,0
1404768540000,33.006,0
1404768840000,28.656,0
1404769140000,29.955,0
1404769440000,32.314,0
1404769740000,31.487,0
1404770040000,29.714000000000002,0
1404770340000,33.080999999999996,0
1404770640000,45.722,0
1404770940000,66.666,0
1404771240000,52.481,0
1404771540000,31.215999999999998,0
1404771840000,30.97,0
1404772140000,32.393,0
1404772440000,30.191,0
1404772740000,30.485,0
1404773040000,30.818,0
1404773340000,30.634,0
1404773640000,29.664,0
1404773940000,33.192,0
1404774240000,46.25899999999999,0
1404774540000,100.0,0
1404774840000,72.66,0
1404775140000,30.366,0
1404775440000,32.724000000000004,0
1404775740000,30.951,0
1404776040000,30.214000000000002,0
1404776340000,31.499000000000002,0
1404776640000,30.671999999999997,0
1404776940000,30.999000000000002,0
1404777240000,29.951999999999998,0
1404777540000,34.121,0
1404777840000,43.20399999999999,0
1404778140000,100.0,0
1404778440000,72.506,0
1404778740000,30.655,0
1404779040000,31.0,0
1404779340000,32.95,0
1404779640000,29.55,0
1404779940000,30.89,0
1404780240000,31.557,0
1404780540000,30.927,0
1404780840000,29.998,0
1404781140000,33.718,0
1404781440000,44.833,0
1404781740000,100.0,0
1404782040000,70.78399999999998,0
1404782340000,30.820999999999998,0
1404782640000,30.493000000000002,0
1404782940000,31.714000000000002,0
1404783240000,31.628,0
1404783540000,30.906,0
1404783840000,32.63,0
1404784140000,30.879,0
1404784440000,29.665,0
1404784740000,33.650999999999996,0
1404785040000,45.285,0
1404785340000,100.0,0
1404785640000,71.714,0
1404785940000,30.788,0
1404786240000,31.305,0
1404786540000,31.680999999999997,0
1404786840000,31.834,0
1404787140000,30.287,0
1404787440000,30.79300000000001,0
1404787740000,30.214000000000002,0
1404788040000,30.499000000000002,0
1404788340000,33.999,0
1404788640000,43.5,0
1404788940000,66.818,0
1404789240000,52.92100000000001,0
1404789540000,31.195,0
1404789840000,34.203,0
1404790140000,32.881,0
1404790440000,29.49,0
1404790740000,32.078,0
1404791040000,30.479,0
1404791340000,30.0,0
1404791640000,30.374000000000002,0
1404791940000,34.786,0
1404792240000,43.386,0
1404792540000,100.0,0
1404792840000,72.0,0
1404793140000,30.88,0
1404793440000,29.835,0
1404793740000,31.994,0
1404794040000,30.115,0
1404794340000,32.202,0
1404794640000,30.022,0
1404794940000,30.708000000000002,0
1404795240000,29.666,0
1404795540000,34.283,0
1404795840000,43.881,0
1404796140000,100.0,0
1404796440000,72.597,0
1404796740000,29.493000000000002,0
1404797040000,31.756,0
1404797340000,31.878,0
1404797640000,29.523000000000003,0
1404797940000,29.311999999999998,0
1404798240000,31.831999999999997,0
1404798540000,30.116999999999997,0
1404798840000,30.549,0
1404799140000,33.643,0
1404799440000,44.618,0
1404799740000,100.0,0
1404800040000,72.048,0
1404800340000,30.329,0
1404800640000,29.998,0
1404800940000,31.949,0
1404801240000,31.881,0
1404801540000,31.331999999999997,0
1404801840000,32.681,0
1404802140000,29.068,0
1404802440000,30.166999999999998,0
1404802740000,33.467,0
1404803040000,45.687,0
1404803340000,100.0,0
1404803640000,71.542,0
1404803940000,30.967,0
1404804240000,29.831999999999997,0
1404804540000,31.833000000000002,0
1404804840000,30.45,0
1404805140000,30.546,0
1404805440000,32.481,0
1404805740000,29.826999999999998,0
1404806040000,30.5,0
1404806340000,34.165,0
1404806640000,44.788000000000004,0
1404806940000,65.007,0
1404807240000,50.21100000000001,0
1404807540000,30.291,0
1404807840000,30.171999999999997,0
1404808140000,31.773000000000003,0
1404808440000,30.29300000000001,0
1404808740000,31.717,0
1404809040000,30.665,0
1404809340000,30.149,0
1404809640000,30.456,0
1404809940000,33.547,0
1404810240000,44.931000000000004,0
1404810540000,100.0,0
1404810840000,71.321,0
1404811140000,32.094,0
1404811440000,28.864,0
1404811740000,32.171,0
1404812040000,31.145,0
1404812340000,29.499000000000002,0
1404812640000,30.951,0
1404812940000,30.324,0
1404813240000,30.289,0
1404813540000,33.052,0
1404813840000,44.983999999999995,0
1404814140000,100.0,0
1404814440000,71.78699999999998,0
1404814740000,30.719,0
1404815040000,30.666,0
1404815340000,31.334,0
1404815640000,30.29,0
1404815940000,30.51,0
1404816240000,32.218,0
1404816540000,29.63300000000001,0
1404816840000,31.775,0
1404817140000,31.53,0
1404817440000,45.333,0
1404817740000,100.0,0
1404818040000,72.0,0
1404818340000,30.558000000000003,0
1404818640000,31.088,0
1404818940000,30.331999999999997,0
1404819240000,31.601,0
1404819540000,28.803,0
1404819840000,31.265,0
1404820140000,30.601,0
1404820440000,29.5,0
1404820740000,34.708,0
1404821040000,43.791000000000004,0
1404821340000,100.0,0
1404821640000,72.765,0
1404821940000,29.971,0
1404822240000,29.897,0
1404822540000,32.56,0
1404822840000,30.198,0
1404823140000,31.45300000000001,0
1404823440000,31.215999999999998,0
1404823740000,30.499000000000002,0
1404824040000,31.416999999999998,0
1404824340000,32.57,0
1404824640000,44.667,0
1404824940000,100.0,0
1404825240000,71.882,0
1404825540000,32.097,0
1404825840000,30.915,0
1404826140000,29.746,0
1404826440000,30.331999999999997,0
1404826740000,30.933000000000003,0
1404827040000,31.863000000000003,0
1404827340000,29.136999999999997,0
1404827640000,30.166999999999998,0
1404827940000,32.985,0
1404828240000,44.732,0
1404828540000,100.0,0
1404828840000,71.0,0
1404829140000,30.980999999999998,0
1404829440000,30.658,0
1404829740000,32.281,0
1404830040000,29.949,0
1404830340000,30.488000000000003,0
1404830640000,33.289,0
1404830940000,28.831999999999997,0
1404831240000,31.46,0
1404831540000,32.606,0
1404831840000,44.536,0
1404832140000,100.0,0
1404832440000,72.499,0
1404832740000,30.31900000000001,0
1404833040000,30.71,0
1404833340000,31.785999999999998,0
1404833640000,29.873,0
1404833940000,29.975,0
1404834240000,31.526,0
1404834540000,31.065,0
1404834840000,31.049,0
1404835140000,32.671,0
1404835440000,44.61600000000001,0
1404835740000,31.717,0
1404836040000,31.834,0
1404836340000,29.901999999999997,0
1404836640000,30.213,0
1404836940000,32.461,0
1404837240000,31.756,0
1404837540000,30.498,0
1404837840000,30.701,0
1404838140000,30.288,0
1404838440000,30.151,0
1404838740000,33.716,0
1404839040000,44.486999999999995,0
1404839340000,66.999,0
1404839640000,52.498999999999995,0
1404839940000,32.309,0
1404840240000,29.834,0
1404840540000,32.108000000000004,0
1404840840000,30.381,0
1404841140000,32.43,0
1404841440000,30.87,0
1404841740000,29.914,0
1404842040000,30.000999999999998,0
1404842340000,33.714,0
1404842640000,44.325,0
1404842940000,100.0,0
1404843240000,71.712,0
1404843540000,30.333000000000002,0
1404843840000,30.787,0
1404844140000,31.63300000000001,0
1404844440000,30.666,0
1404844740000,31.97300000000001,0
1404845040000,31.044,0
1404845340000,30.334,0
1404845640000,30.636,0
1404845940000,32.952,0
1404846240000,44.833,0
1404846540000,100.0,0
1404846840000,72.09899999999998,0
1404847140000,32.13,0
1404847440000,30.108,0
1404847740000,31.698,0
1404848040000,31.15,0
1404848340000,29.945999999999998,0
1404848640000,31.494,0
1404848940000,31.0,0
1404849240000,30.493000000000002,0
1404849540000,33.315,0
1404849840000,44.498999999999995,0
1404850140000,100.0,0
1404850440000,72.0,0
1404850740000,32.391,0
1404851040000,28.951,0
1404851340000,32.167,0
1404851640000,30.711,0
1404851940000,31.250999999999998,0
1404852240000,32.126,0
1404852540000,30.695,0
1404852840000,29.831999999999997,0
1404853140000,34.468,0
1404853440000,44.332,0
1404853740000,64.94800000000001,0
1404854040000,51.886,0
1404854340000,30.781999999999996,0
1404854640000,30.455,0
1404854940000,32.5,0
1404855240000,31.046,0
1404855540000,28.998,0
1404855840000,33.209,0
1404856140000,28.93,0
1404856440000,30.499000000000002,0
1404856740000,33.0,0
1404857040000,45.317,0
1404857340000,66.994,0
1404857640000,52.214,0
1404857940000,32.001,0
1404858240000,31.406999999999996,0
1404858540000,31.993000000000002,0
1404858840000,30.441999999999997,0
1404859140000,30.355,0
1404859440000,31.579,0
1404859740000,30.645,0
1404860040000,30.309,0
1404860340000,33.218,0
1404860640000,45.117,0
1404860940000,100.0,0
1404861240000,73.471,0
1404861540000,29.982,0
1404861840000,31.476,0
1404862140000,32.08,0
1404862440000,29.320999999999998,0
1404862740000,30.717,0
1404863040000,32.443000000000005,0
1404863340000,29.714000000000002,0
1404863640000,30.573,0
1404863940000,33.635999999999996,0
1404864240000,44.214,0
1404864540000,100.0,0
1404864840000,72.166,0
1404865140000,30.454,0
1404865440000,30.333000000000002,0
1404865740000,32.334,0
1404866040000,29.919,0
1404866340000,31.45300000000001,0
1404866640000,31.533,0
1404866940000,30.66,0
1404867240000,29.333000000000002,0
1404867540000,33.312,0
1404867840000,44.568999999999996,0
1404868140000,100.0,0
1404868440000,71.834,0
1404868740000,30.991999999999997,0
1404869040000,31.141,0
1404869340000,32.0,0
1404869640000,29.831999999999997,0
1404869940000,31.65,0
1404870240000,31.771,0
1404870540000,30.294,0
1404870840000,30.715999999999998,0
1404871140000,35.045,0
1404871440000,42.707,0
1404871740000,100.0,0
1404872040000,71.671,0
1404872340000,31.149,0
1404872640000,31.136999999999997,0
1404872940000,31.326999999999998,0
1404873240000,31.55,0
1404873540000,32.165,0
1404873840000,29.831999999999997,0
1404874140000,30.45300000000001,0
1404874440000,30.342,0
1404874740000,33.339,0
1404875040000,44.99800000000001,0
1404875340000,100.0,0
1404875640000,71.539,0
1404875940000,31.65,0
1404876240000,31.999000000000002,0
1404876540000,31.261,0
1404876840000,36.166,0
1404877140000,31.213,0
1404877440000,32.618,0
1404877740000,29.385,0
1404878040000,30.296999999999997,0
1404878340000,34.005,0
1404878640000,43.78100000000001,0
1404878940000,66.33800000000001,0
1404879240000,52.5,0
1404879540000,31.296,0
1404879840000,29.814,0
1404880140000,31.629,0
1404880440000,30.423000000000002,0
1404880740000,30.381,0
1404881040000,32.667,0
1404881340000,29.499000000000002,0
1404881640000,31.331999999999997,0
1404881940000,33.619,0
1404882240000,45.476000000000006,0
1404882540000,100.0,0
1404882840000,73.095,0
1404883140000,29.158,0
1404883440000,30.666,0
1404883740000,31.433000000000003,0
1404884040000,30.544,0
1404884340000,29.12,0
1404884640000,32.558,0
1404884940000,29.771,0
1404885240000,30.218000000000004,0
1404885540000,33.284,0
1404885840000,45.218,0
1404886140000,100.0,0
1404886440000,71.881,0
1404886740000,30.331999999999997,0
1404887040000,30.785,0
1404887340000,31.214000000000002,0
1404887640000,30.971,0
1404887940000,30.5,0
1404888240000,32.668,0
1404888540000,29.41,0
1404888840000,30.212,0
1404889140000,34.118,0
1404889440000,43.714,0
1404889740000,100.0,0
1404890040000,72.324,0
1404890340000,29.699,0
1404890640000,31.666,0
1404890940000,30.119,0
1404891240000,30.638,0
1404891540000,30.5,0
1404891840000,31.011,0
1404892140000,31.583000000000002,0
1404892440000,29.13300000000001,0
1404892740000,33.551,0
1404893040000,45.465,0
1404893340000,100.0,0
1404893640000,72.167,0
1404893940000,30.12,0
1404894240000,30.544,0
1404894540000,31.447,0
1404894840000,29.95300000000001,0
1404895140000,31.884,0
1404895440000,30.333000000000002,0
1404895740000,29.829,0
1404896040000,30.166999999999998,0
1404896340000,33.619,0
1404896640000,44.7,0
1404896940000,100.0,0
1404897240000,71.999,0
1404897540000,30.335,0
1404897840000,30.829,0
1404898140000,30.281999999999996,0
1404898440000,30.713,0
1404898740000,30.635,0
1404899040000,30.833000000000002,0
1404899340000,31.314,0
1404899640000,30.833000000000002,0
1404899940000,33.0,0
1404900240000,44.83600000000001,0
1404900540000,100.0,0
1404900840000,72.218,0
1404901140000,30.288,0
1404901440000,30.803,0
1404901740000,32.016,0
1404902040000,30.816999999999997,0
1404902340000,28.951999999999998,0
1404902640000,33.388000000000005,0
1404902940000,29.238000000000003,0
1404903240000,30.165,0
1404903540000,34.117,0
1404903840000,46.052,0
1404904140000,100.0,0
1404904440000,71.5,0
1404904740000,30.784000000000002,0
1404905040000,30.105,0
1404905340000,33.366,0
1404905640000,29.671,0
1404905940000,30.214000000000002,0
1404906240000,31.666999999999998,0
1404906540000,30.41800000000001,0
1404906840000,30.384,0
1404907140000,32.830999999999996,0
1404907440000,44.5,0
1404907740000,100.0,0
1404908040000,72.152,0
1404908340000,32.005,0
1404908640000,30.151,0
1404908940000,31.035,0
1404909240000,30.154,0
1404909540000,30.658,0
1404909840000,30.923000000000002,0
1404910140000,30.666,0
1404910440000,29.88300000000001,0
1404910740000,33.122,0
1404911040000,44.551,0
1404911340000,100.0,0
1404911640000,72.211,0
1404911940000,29.289,0
1404912240000,29.881,0
1404912540000,31.951999999999998,0
1404912840000,30.009,0
1404913140000,30.119,0
1404913440000,32.054,0
1404913740000,29.999000000000002,0
1404914040000,30.499000000000002,0
1404914340000,33.426,0
1404914640000,45.144,0
1404914940000,66.667,0
1404915240000,53.31399999999999,0
1404915540000,29.333000000000002,0
1404915840000,30.285999999999998,0
1404916140000,31.875,0
1404916440000,31.334,0
1404916740000,29.498,0
1404917040000,31.166,0
1404917340000,31.284000000000002,0
1404917640000,30.539,0
1404917940000,33.334,0
1404918240000,46.261,0
1404918540000,100.0,0
1404918840000,72.666,0
1404919140000,31.371,0
1404919440000,29.666,0
1404919740000,33.306999999999995,0
1404920040000,29.245,0
1404920340000,30.625999999999998,0
1404920640000,31.451,0
1404920940000,31.498,0
1404921240000,29.729,0
1404921540000,33.116,0
1404921840000,45.333,0
1404922140000,67.48899999999999,0
1404922440000,52.211999999999996,0
1404922740000,30.784000000000002,0
1404923040000,30.639,0
1404923340000,32.39,0
1404923640000,30.666,0
1404923940000,30.95300000000001,0
1404924240000,31.513,0
1404924540000,31.365,0
1404924840000,30.171,0
1404925140000,33.828,0
1404925440000,45.66,0
1404925740000,64.832,0
1404926040000,52.545,0
1404926340000,30.035,0
1404926640000,30.704,0
1404926940000,32.141999999999996,0
1404927240000,31.916999999999998,0
1404927540000,29.788,0
1404927840000,32.125,0
1404928140000,29.331999999999997,0
1404928440000,30.213,0
1404928740000,33.629,0
1404929040000,44.547,0
1404929340000,65.0,0
1404929640000,50.84,0
1404929940000,31.17,0
1404930240000,31.146,0
1404930540000,31.717,0
1404930840000,32.105,0
1404931140000,30.147,0
1404931440000,31.213,0
1404931740000,30.166,0
1404932040000,30.125,0
1404932340000,33.64,0
1404932640000,44.666000000000004,0
1404932940000,100.0,0
1404933240000,72.333,0
1404933540000,29.926,0
1404933840000,31.502,0
1404934140000,32.351,0
1404934440000,29.713,0
1404934740000,30.544,0
1404935040000,31.541,0
1404935340000,31.322,0
1404935640000,30.0,0
1404935940000,32.521,0
1404936240000,44.665,0
1404936540000,64.993,0
1404936840000,51.5,0
1404937140000,30.811999999999998,0
1404937440000,31.16800000000001,0
1404937740000,32.279,0
1404938040000,30.539,0
1404938340000,31.333000000000002,0
1404938640000,30.513,0
1404938940000,30.831,0
1404939240000,29.834,0
1404939540000,33.451,0
1404939840000,44.38399999999999,0
1404940140000,100.0,0
1404940440000,72.118,0
1404940740000,31.498,0
1404941040000,30.659000000000002,0
1404941340000,32.335,0
1404941640000,30.714000000000002,0
1404941940000,29.462,0
1404942240000,32.219,0
1404942540000,30.666,0
1404942840000,30.318,0
1404943140000,34.09,0
1404943440000,45.05,0
1404943740000,100.0,0
1404944040000,73.118,0
1404944340000,30.159000000000002,0
1404944640000,29.881,0
1404944940000,32.93,0
1404945240000,30.41800000000001,0
1404945540000,29.024,0
1404945840000,32.214,0
1404946140000,29.833000000000002,0
1404946440000,30.616999999999997,0
1404946740000,34.308,0
1404947040000,43.038999999999994,0
1404947340000,100.0,0
1404947640000,71.502,0
1404947940000,31.156,0
1404948240000,31.12,0
1404948540000,32.547,0
1404948840000,29.381,0
1404949140000,30.364,0
1404949440000,32.0,0
1404949740000,31.664,0
1404950040000,29.546999999999997,0
1404950340000,32.52,0
1404950640000,45.066,0
1404950940000,64.884,0
1404951240000,51.453,0
1404951540000,30.38300000000001,0
1404951840000,30.746,0
1404952140000,33.485,0
1404952440000,29.169,0
1404952740000,30.932,0
1404953040000,31.834,0
1404953340000,30.320999999999998,0
1404953640000,30.549,0
1404953940000,33.421,0
1404954240000,45.172,0
1404954540000,100.0,0
1404954840000,72.167,0
1404955140000,30.666999999999998,0
1404955440000,31.766,0
1404955740000,32.542,0
1404956040000,29.951999999999998,0
1404956340000,31.558000000000003,0
1404956640000,30.932,0
1404956940000,30.884,0
1404957240000,29.677,0
1404957540000,33.466,0
1404957840000,44.998999999999995,0
1404958140000,65.39,0
1404958440000,51.661,0
1404958740000,30.337,0
1404959040000,32.09,0
1404959340000,31.519000000000002,0
1404959640000,30.499000000000002,0
1404959940000,30.45300000000001,0
1404960240000,31.388,0
1404960540000,30.123,0
1404960840000,31.590999999999998,0
1404961140000,31.956999999999997,0
1404961440000,44.349,0
1404961740000,100.0,0
1404962040000,72.048,0
1404962340000,31.166999999999998,0
1404962640000,33.285,0
1404962940000,31.855999999999998,0
1404963240000,31.63,0
1404963540000,32.955999999999996,0
1404963840000,32.113,0
1404964140000,31.768,0
1404964440000,28.574,0
1404964740000,33.95,0
1404965040000,44.216,0
1404965340000,65.0,0
1404965640000,51.493,0
1404965940000,30.331999999999997,0
1404966240000,30.62,0
1404966540000,33.169000000000004,0
1404966840000,29.868000000000002,0
1404967140000,29.833000000000002,0
1404967440000,31.947,0
1404967740000,30.299,0
1404968040000,31.026999999999997,0
1404968340000,32.483000000000004,0
1404968640000,45.498999999999995,0
1404968940000,100.0,0
1404969240000,71.833,0
1404969540000,30.995,0
1404969840000,30.574,0
1404970140000,31.166,0
1404970440000,30.666999999999998,0
1404970740000,31.999000000000002,0
1404971040000,30.381999999999998,0
1404971340000,30.309,0
1404971640000,30.255,0
1404971940000,33.299,0
1404972240000,44.38800000000001,0
1404972540000,100.0,0
1404972840000,72.167,0
1404973140000,30.833000000000002,0
1404973440000,29.618000000000002,0
1404973740000,31.886,0
1404974040000,30.284000000000002,0
1404974340000,31.521,0
1404974640000,30.648000000000003,0
1404974940000,30.338,0
1404975240000,30.38300000000001,0
1404975540000,33.285,0
1404975840000,45.165,0
1404976140000,65.0,0
1404976440000,51.498999999999995,0
1404976740000,30.776,0
1404977040000,30.499000000000002,0
1404977340000,31.500999999999998,0
1404977640000,29.66800000000001,0
1404977940000,30.654,0
1404978240000,31.831999999999997,0
1404978540000,29.619,0
1404978840000,30.436,0
1404979140000,34.757,0
1404979440000,43.498999999999995,0
1404979740000,100.0,0
1404980040000,73.281,0
1404980340000,28.947,0
1404980640000,30.345,0
1404980940000,31.639,0
1404981240000,30.499000000000002,0
1404981540000,30.148000000000003,0
1404981840000,32.173,0
1404982140000,30.339000000000002,0
1404982440000,29.153000000000002,0
1404982740000,33.499,0
1404983040000,45.49800000000001,0
1404983340000,64.94800000000001,0
1404983640000,51.381,0
1404983940000,30.787,0
1404984240000,29.541999999999998,0
1404984540000,32.499,0
1404984840000,30.0,0
1404985140000,30.45,0
1404985440000,33.056999999999995,0
1404985740000,29.84,0
1404986040000,30.892,0
1404986340000,34.421,0
1404986640000,43.76600000000001,0
1404986940000,100.0,0
1404987240000,72.214,0
1404987540000,30.333000000000002,0
1404987840000,30.726999999999997,0
1404988140000,31.868000000000002,0
1404988440000,29.54300000000001,0
1404988740000,31.164,0
1404989040000,32.333,0
1404989340000,30.5,0
1404989640000,30.596,0
1404989940000,33.205999999999996,0
1404990240000,45.165,0
1404990540000,100.0,0
1404990840000,72.0,0
1404991140000,30.936,0
1404991440000,29.561999999999998,0
1404991740000,31.499000000000002,0
1404992040000,30.807,0
1404992340000,30.665,0
1404992640000,30.835,0
1404992940000,30.95,0
1404993240000,30.046,0
1404993540000,32.847,0
1404993840000,44.56800000000001,0
1404994140000,64.94800000000001,0
1404994440000,51.042,0
1404994740000,31.335,0
1404995040000,31.112,0
1404995340000,31.717,1
1404995640000,29.833000000000002,1
1404995940000,30.211,1
1404996240000,31.441,1
1404996540000,30.5,1
1404996840000,31.145,1
1404997140000,33.332,1
1404997440000,44.666000000000004,1
1404997740000,100.0,1
1404998040000,72.454,1
1404998340000,30.209,1
1404998640000,31.456,1
1404998940000,30.991999999999997,1
1404999240000,30.987,1
1404999540000,30.377,1
1404999840000,30.666,1
1405000140000,31.941,1
1405000440000,29.523000000000003,1
1405000740000,33.329,1
1405001040000,44.784,1
1405001340000,64.78699999999999,1
1405001640000,51.547,1
1405001940000,31.483,1
1405002240000,29.498,1
1405002540000,31.959,1
1405002840000,30.000999999999998,1
1405003140000,30.38300000000001,1
1405003440000,31.443,1
1405003740000,30.666999999999998,1
1405004040000,31.430999999999997,1
1405004340000,32.77,1
1405004640000,45.498999999999995,1
1405004940000,100.0,1
1405005240000,73.5,1
1405005540000,29.166,1
1405005840000,30.342,1
1405006140000,31.163,1
1405006440000,32.514,1
1405006740000,29.936,1
1405007040000,31.336,1
1405007340000,31.546999999999997,1
1405007640000,29.414,1
1405007940000,33.376,1
1405008240000,44.498999999999995,1
1405008540000,100.0,1
1405008840000,72.5,1
1405009140000,29.999000000000002,1
1405009440000,30.975,1
1405009740000,32.95,1
1405010040000,30.039,1
1405010340000,30.665,1
1405010640000,31.951,1
1405010940000,31.046999999999997,1
1405011240000,29.666999999999998,1
1405011540000,33.772,1
1405011840000,45.718999999999994,1
1405012140000,100.0,1
1405012440000,73.759,1
1405012740000,30.968000000000004,1
1405013040000,29.695999999999998,1
1405013340000,32.218,1
1405013640000,29.773000000000003,1
1405013940000,29.715,1
1405014240000,32.483000000000004,1
1405014540000,31.642,1
1405014840000,29.553,1
1405015140000,34.716,1
1405015440000,45.276,1
1405015740000,65.167,1
1405016040000,50.498999999999995,1
1405016340000,32.757,1
1405016640000,29.028000000000002,1
1405016940000,31.619,1
1405017240000,31.019000000000002,1
1405017540000,30.287,1
1405017840000,32.217,1
1405018140000,31.333000000000002,1
1405018440000,30.243000000000002,1
1405018740000,32.563,1
1405019040000,44.599,1
1405019340000,65.873,1
1405019640000,52.833,1
1405019940000,30.834,1
1405020240000,30.991999999999997,1
1405020540000,33.833,1
1405020840000,28.999000000000002,1
1405021140000,30.318,1
1405021440000,31.665,1
1405021740000,30.601999999999997,1
1405022040000,30.218000000000004,1
1405022340000,33.171,1
1405022640000,44.45399999999999,1
1405022940000,100.0,1
1405023240000,72.166,1
1405023540000,31.333000000000002,1
1405023840000,30.616,1
1405024140000,31.877,1
1405024440000,30.999000000000002,1
1405024740000,30.311999999999998,1
1405025040000,31.318,1
1405025340000,30.656,1
1405025640000,29.896,1
1405025940000,34.641,1
1405026240000,43.533,1
1405026540000,66.865,1
1405026840000,52.778,1
1405027140000,30.156999999999996,1
1405027440000,30.480999999999998,1
1405027740000,32.255,1
1405028040000,31.154,1
1405028340000,29.076999999999998,1
1405028640000,31.445,1
1405028940000,30.799,1
1405029240000,29.165,1
1405029540000,33.832,1
1405029840000,45.306000000000004,1
1405030140000,100.0,1
1405030440000,72.166,1
1405030740000,29.951999999999998,1
1405031040000,30.393,1
1405031340000,32.17,1
1405031640000,30.642,1
1405031940000,30.838,1
1405032240000,32.604,1
1405032540000,30.378,1
1405032840000,30.166999999999998,1
1405033140000,33.47,1
1405033440000,44.99800000000001,1
1405033740000,100.0,1
1405034040000,72.167,1
1405034340000,30.357,1
1405034640000,31.979,1
1405034940000,31.649,1
1405035240000,30.093000000000004,1
1405035540000,30.551,1
1405035840000,32.0,1
1405036140000,29.613000000000003,1
1405036440000,30.546999999999997,1
1405036740000,32.556999999999995,1
1405037040000,44.287,1
1405037340000,100.0,1
1405037640000,71.98,1
1405037940000,32.281,1
1405038240000,29.188000000000002,1
1405038540000,31.666999999999998,1
1405038840000,30.555999999999997,1
1405039140000,30.886,1
1405039440000,31.459,1
1405039740000,30.831999999999997,1
1405040040000,29.766,1
1405040340000,33.016,1
1405040640000,45.287,1
1405040940000,100.0,1
1405041240000,72.333,1
1405041540000,30.971,1
1405041840000,30.122,1
1405042140000,31.552,1
1405042440000,30.456,1
1405042740000,30.363000000000003,1
1405043040000,31.119,1
1405043340000,30.50800000000001,1
1405043640000,29.495,1
1405043940000,33.445,1
1405044240000,44.39100000000001,1
1405044540000,100.0,1
1405044840000,72.454,1
1405045140000,30.500999999999998,1
1405045440000,30.375999999999998,1
1405045740000,32.937,1
1405046040000,29.374000000000002,1
1405046340000,31.165,1
1405046640000,31.95300000000001,1
1405046940000,29.988000000000003,1
1405047240000,31.283,1
1405047540000,32.887,1
1405047840000,45.931999999999995,1
1405048140000,64.887,1
1405048440000,51.213,1
1405048740000,31.831999999999997,1
1405049040000,29.499000000000002,1
1405049340000,33.009,1
1405049640000,33.133,1
1405049940000,30.0,1
1405050240000,35.999,1
1405050540000,29.824,1
1405050840000,29.618000000000002,1
1405051140000,33.553000000000004,1
1405051440000,44.666000000000004,1
1405051740000,100.0,1
1405052040000,71.666,1
1405052340000,30.36,1
1405052640000,30.123,1
1405052940000,33.378,1
1405053240000,29.488000000000003,1
1405053540000,30.175,1
1405053840000,31.66800000000001,1
1405054140000,30.785,1
1405054440000,30.971999999999998,1
1405054740000,31.982,1
1405055040000,44.663000000000004,1
1405055340000,100.0,1
1405055640000,72.215,1
1405055940000,31.342,1
1405056240000,29.333000000000002,1
1405056540000,31.121,1
1405056840000,30.833000000000002,1
1405057140000,29.8,1
1405057440000,31.831,1
1405057740000,30.333000000000002,1
1405058040000,29.951,1
1405058340000,34.626999999999995,1
1405058640000,42.863,1
1405058940000,66.669,1
1405059240000,53.665,1
1405059540000,29.285999999999998,1
1405059840000,31.037,1
1405060140000,31.988000000000003,1
1405060440000,30.338,1
1405060740000,30.165,1
1405061040000,31.495,1
1405061340000,30.726999999999997,1
1405061640000,30.772,1
1405061940000,33.341,1
1405062240000,44.28100000000001,1
1405062540000,100.0,1
1405062840000,72.042,1
1405063140000,29.763,1
1405063440000,30.712,1
1405063740000,31.434,1
1405064040000,31.134,1
1405064340000,30.5,1
1405064640000,30.669,1
1405064940000,30.62,1
1405065240000,31.0,1
1405065540000,33.238,1
1405065840000,44.278999999999996,1
1405066140000,30.785,1
1405066440000,31.546999999999997,1
1405066740000,30.951,1
1405067040000,30.92,1
1405067340000,31.717,1
1405067640000,31.334,1
1405067940000,29.323,1
1405068240000,33.211999999999996,1
1405068540000,28.699,1
1405068840000,30.549,1
1405069140000,32.453,1
1405069440000,44.881,1
1405069740000,100.0,1
1405070040000,71.668,1
1405070340000,30.813000000000002,1
1405070640000,29.666,1
1405070940000,32.828,1
1405071240000,30.455,1
1405071540000,29.833000000000002,1
1405071840000,31.13,1
1405072140000,30.7,1
1405072440000,29.974,1
1405072740000,32.937,1
1405073040000,44.833,1
1405073340000,100.0,1
1405073640000,72.315,1
1405073940000,30.936,1
1405074240000,30.122,1
1405074540000,31.744,1
1405074840000,30.118000000000002,1
1405075140000,30.498,1
1405075440000,31.479,1
1405075740000,31.213,1
1405076040000,30.0,1
1405076340000,32.769,1
1405076640000,45.03,1
1405076940000,100.0,1
1405077240000,72.043,1
1405077540000,30.934,1
1405077840000,29.88,1
1405078140000,33.376,1
1405078440000,29.218000000000004,1
1405078740000,29.833000000000002,1
1405079040000,31.331,1
1405079340000,30.809,1
1405079640000,30.666999999999998,1
1405079940000,33.553000000000004,1
1405080240000,44.016999999999996,1
1405080540000,100.0,1
1405080840000,73.477,1
1405081140000,29.217,1
1405081440000,30.498,1
1405081740000,32.655,1
1405082040000,29.46,1
1405082340000,30.166,1
1405082640000,31.046,1
1405082940000,31.774,1
1405083240000,30.151,1
1405083540000,32.643,1
1405083840000,44.883,1
1405084140000,100.0,1
1405084440000,71.711,1
1405084740000,29.326999999999998,1
1405085040000,29.434,1
1405085340000,31.04,1
1405085640000,29.14,1
1405085940000,30.00800000000001,1
1405086240000,31.601,1
1405086540000,28.659000000000002,1
1405086840000,29.459,1
1405087140000,31.858,1
1405087440000,43.82899999999999,1
1405087740000,100.0,1
1405088040000,71.881,1
1405088340000,30.324,1
1405088640000,29.287,1
1405088940000,31.381999999999998,1
1405089240000,29.479,1
1405089540000,29.62,1
1405089840000,31.5,1
1405090140000,29.521,1
1405090440000,29.333000000000002,1
1405090740000,31.66800000000001,1
1405091040000,43.617,1
1405091340000,72.499,1
1405091640000,59.147,1
1405091940000,30.015,1
1405092240000,28.589000000000002,1
1405092540000,31.451,1
1405092840000,30.052,1
1405093140000,31.765,1
1405093440000,29.374000000000002,1
1405093740000,29.665,1
1405094040000,30.621,1
1405094340000,31.236,1
1405094640000,44.833999999999996,1
1405094940000,71.666,1
1405095240000,59.547,1
1405095540000,29.785999999999998,1
1405095840000,29.715,1
1405096140000,32.516999999999996,1
1405096440000,28.849,1
1405096740000,29.840999999999998,1
1405097040000,30.499000000000002,1
1405097340000,30.002,1
1405097640000,29.454,1
1405097940000,31.885,1
1405098240000,43.333,1
1405098540000,100.0,1
1405098840000,85.666,1
1405099140000,30.458000000000002,1
1405099440000,29.000999999999998,1
1405099740000,31.331999999999997,1
1405100040000,30.154,1
1405100340000,29.726999999999997,1
1405100640000,30.004,1
1405100940000,29.45300000000001,1
1405101240000,29.671999999999997,1
1405101540000,31.619,1
1405101840000,44.048,1
1405102140000,71.499,1
1405102440000,56.955,1
1405102740000,31.213,1
1405103040000,29.831999999999997,1
1405103340000,31.583000000000002,1
1405103640000,28.671,1
1405103940000,29.551,1
1405104240000,30.656,1
1405104540000,29.785,1
1405104840000,29.333000000000002,1
1405105140000,31.768,1
1405105440000,44.51,1
1405105740000,100.0,1
1405106040000,86.618,1
1405106340000,29.718000000000004,1
1405106640000,31.003,1
1405106940000,30.511999999999997,1
1405107240000,29.166,1
1405107540000,30.085,1
1405107840000,72.047,1
1405108140000,100.0,1
1405108440000,46.221000000000004,1
1405108740000,31.666999999999998,1
1405109040000,43.288999999999994,1
1405109340000,71.384,1
1405109640000,51.287,1
1405109940000,30.713,1
1405110240000,29.298000000000002,1
1405110540000,31.461,1
1405110840000,29.337,1
1405111140000,29.998,1
1405111440000,31.605999999999998,1
1405111740000,28.70300000000001,1
1405112040000,30.296999999999997,1
1405112340000,31.656999999999996,1
1405112640000,43.96100000000001,1
1405112940000,100.0,1
1405113240000,86.5,1
1405113540000,29.666,1
1405113840000,28.999000000000002,1
1405114140000,30.671999999999997,1
1405114440000,29.914,1
1405114740000,29.21,1
1405115040000,30.656,1
1405115340000,29.666,1
1405115640000,29.451999999999998,1
1405115940000,32.141,1
1405116240000,43.713,1
1405116540000,71.453,1
1405116840000,58.551,1
1405117140000,29.320999999999998,1
1405117440000,29.666999999999998,1
1405117740000,31.166999999999998,1
1405118040000,29.78,1
1405118340000,29.388,1
1405118640000,31.006999999999998,1
1405118940000,29.163,1
1405119240000,29.5,1
1405119540000,31.585,1
1405119840000,43.835,1
1405120140000,100.0,1
1405120440000,92.833,1
1405120740000,29.500999999999998,1
1405121040000,30.255,1
1405121340000,30.374000000000002,1
1405121640000,29.109,1
1405121940000,29.5,1
1405122240000,31.666999999999998,1
1405122540000,29.090999999999998,1
1405122840000,30.154,1
1405123140000,30.586,1
1405123440000,45.699,1
1405123740000,100.0,1
1405124040000,93.559,1
1405124340000,30.31,1
1405124640000,29.114,1
1405124940000,30.997,1
1405125240000,29.834,1
1405125540000,29.844,1
1405125840000,31.601999999999997,1
1405126140000,29.166999999999998,1
1405126440000,30.005,1
1405126740000,31.669,1
1405127040000,42.488,1
1405127340000,100.0,1
1405127640000,95.1113,1
1405127940000,63.623999999999995,1
1405128240000,63.0,1
1405128540000,64.666,1
1405128840000,45.578,1
1405129140000,57.493,1
1405129440000,74.2207,1
1405129740000,62.455,1
1405130040000,60.669,1
1405130340000,62.1295,1
1405130640000,52.456,1
1405130940000,92.76700000000001,1
1405131240000,89.46799999999998,1
1405131540000,58.9217,1
1405131840000,37.467,1
1405132140000,55.0728,1
1405132440000,60.043,1
1405132740000,57.956,1
1405133040000,60.858999999999995,1
1405133340000,64.001,1
1405133640000,29.833000000000002,1
1405133940000,55.6118,1
1405134240000,47.158,1
1405134540000,93.274,1
1405134840000,91.162,1
1405135140000,64.679,1
1405135440000,40.058,1
1405135740000,56.94,1
1405136040000,73.74600000000002,1
1405136340000,63.333999999999996,1
1405136640000,61.888999999999996,1
1405136940000,64.117,1
1405137240000,39.213,1
1405137540000,58.716,1
1405137840000,71.165,1
1405138140000,58.224,1
1405138440000,30.31,1
1405138740000,46.618,1
1405139040000,51.662,1
1405139340000,57.888999999999996,1
1405139640000,61.931000000000004,1
1405139940000,56.4555,1
1405140240000,37.896,1
1405140540000,55.25100000000001,1
1405140840000,63.833,1
1405141140000,59.12,1
1405141440000,69.14,1
1405141740000,50.0,1
1405142040000,65.166,1
1405142340000,56.621,1
1405142640000,71.9987,1
1405142940000,45.65,1
1405143240000,36.5,1
1405143540000,42.666000000000004,1
1405143840000,45.369,1
1405144140000,46.785,1
1405144440000,64.001,1
1405144740000,58.994,1
1405145040000,68.62,1
1405145340000,66.6667,1
1405145640000,60.17100000000001,1
1405145940000,47.122,1
1405146240000,28.09,1
1405146540000,57.843,1
1405146840000,61.0547,1
1405147140000,56.456,1
1405147440000,37.714,1
1405147740000,34.0567,1
1405148040000,53.865,1
1405148340000,56.742,1
1405148640000,62.3333,1
1405148940000,99.0,1
1405149240000,90.834,1
1405149540000,76.1427,1
1405149840000,38.1995,1
1405150140000,47.119,1
1405150440000,64.00399999999999,1
1405150740000,58.5,1
1405151040000,60.8438,1
1405151340000,49.4165,1
1405151640000,29.787,1
1405151940000,68.9373,1
1405152240000,52.256,1
1405152540000,92.54299999999999,1
1405152840000,91.027,1
1405153140000,45.498999999999995,1
1405153440000,37.148,1
1405153740000,40.5,1
1405154040000,44.00100000000001,1
1405154340000,57.266999999999996,1
1405154640000,64.167,1
1405154940000,58.053999999999995,1
1405155240000,61.333,1
1405155540000,57.966,1
1405155840000,37.499,1
1405156140000,60.1117,1
1405156440000,52.5,1
1405156740000,57.928000000000004,1
1405157040000,60.6227,1
1405157340000,59.7492,1
1405157640000,39.330999999999996,1
1405157940000,68.1676,1
1405158240000,52.167,1
1405158540000,56.45399999999999,1
1405158840000,62.1315,1
1405159140000,64.163,1
1405159440000,67.473,1
1405159740000,100.0,1
1405160040000,73.935,1
1405160340000,56.997,1
1405160640000,63.833,1
1405160940000,57.0,1
1405161240000,61.5345,1
1405161540000,56.6292,1
1405161840000,37.614000000000004,1
1405162140000,51.9043,1
1405162440000,51.998999999999995,1
1405162740000,57.288000000000004,1
1405163040000,68.714,1
1405163340000,64.544,1
1405163640000,30.416,1
1405163940000,52.6627,1
1405164240000,51.56399999999999,1
1405164540000,56.434,1
1405164840000,42.708999999999996,1
1405165140000,52.045,1
1405165440000,37.324,1
1405165740000,52.3333,1
1405166040000,57.7918,1
1405166340000,57.3,1
1405166640000,68.832,1
1405166940000,71.37899999999998,1
1405167240000,30.805999999999997,1
1405167540000,56.456,1
1405167840000,76.1133,1
1405168140000,57.635,1
1405168440000,58.356,1
1405168740000,57.4805,1
1405169040000,38.381,1
1405169340000,43.1642,1
1405169640000,58.5827,1
1405169940000,57.986999999999995,1
1405170240000,68.352,1
1405170540000,88.24799999999998,1
1405170840000,59.667,1
1405171140000,64.5017,1
1405171440000,39.335,1
1405171740000,57.946999999999996,1
1405172040000,42.6687,1
1405172340000,58.879,1
1405172640000,64.501,1
1405172940000,56.913999999999994,1
1405173240000,29.219,1
1405173540000,56.25,1
1405173840000,59.50100000000001,1
1405174140000,93.77,1
1405174440000,91.4927,1
1405174740000,51.286,1
1405175040000,36.334,1
1405175340000,62.479,1
1405175640000,50.398,1
1405175940000,57.103,1
1405176240000,64.617,1
1405176540000,63.715,1
1405176840000,62.333,1
1405177140000,59.1662,1
1405177440000,38.333,1
1405177740000,91.875,1
1405178040000,81.513,1
1405178340000,55.996,1
1405178640000,74.1478,1
1405178940000,50.38,1
1405179240000,35.666,1
1405179540000,63.9463,1
1405179840000,46.396,1
1405180140000,56.833,1
1405180440000,75.4433,1
1405180740000,63.144,1
1405181040000,69.015,1
1405181340000,100.0,1
1405181640000,60.833,1
1405181940000,54.8338,1
1405182240000,51.917,1
1405182540000,57.633,1
1405182840000,61.544,1
1405183140000,44.833,1
1405183440000,36.333,1
1405183740000,46.95399999999999,1
1405184040000,39.164,1
1405184340000,57.832,1
1405184640000,79.6667,1
1405184940000,100.0,1
1405185240000,90.72200000000001,1
1405185540000,42.666000000000004,1
1405185840000,37.371,1
1405186140000,57.382,1
1405186440000,73.1313,1
1405186740000,64.165,1
1405187040000,63.496,1
1405187340000,76.0,1
1405187640000,32.666,1
1405187940000,47.669,1
1405188240000,42.674,1
1405188540000,65.501,1
1405188840000,62.332,1
1405189140000,75.778,1
1405189440000,38.113,1
1405189740000,56.5522,1
1405190040000,57.916000000000004,1
1405190340000,58.095,1
1405190640000,51.385,1
1405190940000,52.286,1
1405191240000,30.499000000000002,1
1405191540000,36.826,1
1405191840000,58.166000000000004,1
1405192140000,63.782,1
1405192440000,63.0425,1
1405192740000,52.213,1
1405193040000,37.499,1
1405193340000,54.7813,1
1405193640000,52.163999999999994,1
1405193940000,57.38399999999999,1
1405194240000,62.5353,1
1405194540000,56.9212,1
1405194840000,30.046,1
1405195140000,59.051,1
1405195440000,64.7552,1
1405195740000,93.833,1
1405196040000,92.4583,1
1405196340000,52.555,1
1405196640000,37.073,1
1405196940000,54.0007,1
1405197240000,51.099,1
1405197540000,56.512,1
1405197840000,62.2503,1
1405198140000,57.7928,1
1405198440000,31.165,1
1405198740000,56.953,1
1405199040000,71.384,1
1405199340000,92.667,1
1405199640000,90.456,1
1405199940000,76.366,1
1405200240000,45.0,1
1405200540000,57.788000000000004,1
1405200840000,75.639,1
1405201140000,63.333999999999996,1
1405201440000,63.166000000000004,1
1405201740000,63.79,1
1405202040000,37.864000000000004,1
1405202340000,55.797,1
1405202640000,78.3887,1
1405202940000,88.5,1
1405203240000,59.458999999999996,1
1405203540000,53.843,1
1405203840000,52.547,1
1405204140000,57.333,1
1405204440000,74.30199999999998,1
1405204740000,45.341,1
1405205040000,37.428000000000004,1
1405205340000,53.2137,1
1405205640000,59.167,1
1405205940000,58.466,1
1405206240000,64.5775,1
1405206540000,88.5,1
1405206840000,59.89100000000001,1
1405207140000,53.13,1
1405207440000,38.213,1
1405207740000,58.345,1
1405208040000,63.879,1
1405208340000,57.833,1
1405208640000,61.945,1
1405208940000,60.582,1
1405209240000,45.547,1
1405209540000,72.4707,1
1405209840000,53.166000000000004,1
1405210140000,64.777,1
1405210440000,64.6355,1
1405210740000,51.665,1
1405211040000,36.499,1
1405211340000,30.169,1
1405211640000,50.953,1
1405211940000,56.881,1
1405212240000,29.331999999999997,1
1405212540000,56.342,1
1405212840000,48.5,1
1405213140000,58.651,1
1405213440000,37.666,1
1405213740000,78.75,1
1405214040000,88.167,1
1405214340000,57.214,1
1405214640000,71.73100000000002,1
1405214940000,44.778,1
1405215240000,35.167,1
1405215540000,59.89100000000001,1
1405215840000,59.581,1
1405216140000,56.955,1
1405216440000,63.998999999999995,1
1405216740000,56.699,1
1405217040000,66.719,1
1405217340000,71.875,1
1405217640000,41.431000000000004,1
1405217940000,56.541000000000004,1
1405218240000,27.906,1
1405218540000,64.043,1
1405218840000,51.83600000000001,1
1405219140000,57.4315,1
1405219440000,37.777,1
1405219740000,44.2077,1
1405220040000,51.832,1
1405220340000,57.27,1
1405220640000,69.26899999999999,1
1405220940000,93.833,1
1405221240000,58.931000000000004,1
1405221540000,64.385,1
1405221840000,44.934,1
1405222140000,57.833,1
1405222440000,44.9503,1
1405222740000,49.1,1
1405223040000,39.326,1
1405223340000,45.083,1
1405223640000,58.286,1
1405223940000,56.217,1
1405224240000,51.676,1
1405224540000,94.5,1
1405224840000,92.667,1
1405225140000,64.452,1
1405225440000,37.166,1
1405225740000,43.6688,1
1405226040000,58.5387,1
1405226340000,56.996,1
1405226640000,62.386,1
1405226940000,57.333999999999996,1
1405227240000,29.787,1
1405227540000,56.135,1
1405227840000,64.0823,1
1405228140000,93.0,1
1405228440000,89.666,1
1405228740000,28.092,1
1405229040000,38.666,1
1405229340000,57.621,1
1405229640000,72.142,1
1405229940000,45.5,1
1405230240000,37.934,1
1405230540000,64.3327,1
1405230840000,45.166000000000004,1
1405231140000,56.457,1
1405231440000,67.49,1
1405231740000,93.667,1
1405232040000,61.097,1
1405232340000,45.4335,1
1405232640000,44.786,1
1405232940000,56.549,1
1405233240000,61.4037,1
1405233540000,53.747,1
1405233840000,37.99800000000001,1
1405234140000,64.777,1
1405234440000,45.166000000000004,1
1405234740000,57.45399999999999,1
1405235040000,68.4367,1
1405235340000,93.559,1
1405235640000,59.324,1
1405235940000,67.146,1
1405236240000,45.665,1
1405236540000,57.617,1
1405236840000,61.163999999999994,1
1405237140000,56.9152,1
1405237440000,39.088,1
1405237740000,54.5105,1
1405238040000,57.7665,1
1405238340000,58.717,1
1405238640000,69.34100000000001,1
1405238940000,64.211,1
1405239240000,30.334,1
1405239540000,64.839,1
1405239840000,43.887,1
1405240140000,56.114,1
1405240440000,57.1457,1
1405240740000,61.172,1
1405241040000,63.113,1
1405241340000,64.0,1
1405241640000,32.382,1
1405241940000,47.787,1
1405242240000,42.426,1
1405242540000,65.5,1
1405242840000,49.4642,1
1405243140000,50.416000000000004,1
1405243440000,37.117,1
1405243740000,35.7837,1
1405244040000,51.551,1
1405244340000,57.503,1
1405244640000,75.612,1
1405244940000,45.332,1
1405245240000,29.5,1
1405245540000,43.5467,1
1405245840000,45.336999999999996,1
1405246140000,83.833,1
1405246440000,86.1667,1
1405246740000,57.5,1
1405247040000,62.9157,1
1405247340000,51.708,1
1405247640000,35.339,1
1405247940000,67.682,1
1405248240000,52.71100000000001,1
1405248540000,56.998999999999995,1
1405248840000,65.8867,1
1405249140000,47.118,1
1405249440000,37.716,1
1405249740000,57.169,1
1405250040000,47.43899999999999,1
1405250340000,56.208,1
1405250640000,56.5407,1
1405250940000,57.347,1
1405251240000,61.287,1
1405251540000,51.286,1
1405251840000,35.51300000000001,1
1405252140000,68.0067,1
1405252440000,45.24100000000001,1
1405252740000,58.67100000000001,1
1405253040000,80.8093,1
1405253340000,92.20299999999999,1
1405253640000,58.965,1
1405253940000,52.5657,1
1405254240000,52.545,1
1405254540000,56.335,1
1405254840000,61.2025,1
1405255140000,44.714,1
1405255440000,37.44,1
1405255740000,32.455,1
1405256040000,38.243,1
1405256340000,57.333,1
1405256640000,71.12,1
1405256940000,69.715,1
1405257240000,61.9987,1
1405257540000,56.283,1
1405257840000,37.668,1
1405258140000,57.833,1
1405258440000,63.833,1
1405258740000,58.008,1
1405259040000,61.996,1
1405259340000,60.129,1
1405259640000,45.428999999999995,1
1405259940000,57.878,1
1405260240000,54.222,1
1405260540000,88.667,1
1405260840000,58.333,1
1405261140000,52.1663,1
1405261440000,56.8693,1
1405261740000,57.498999999999995,1
1405262040000,51.54600000000001,1
1405262340000,64.12100000000001,1
1405262640000,36.546,1
1405262940000,56.666000000000004,1
1405263240000,13.999,1
1405263540000,64.501,1
1405263840000,68.498,1
1405264140000,100.0,1
1405264440000,68.334,1
1405264740000,56.832,1
1405265040000,42.6347,1
1405265340000,46.0,1
1405265640000,37.688,1
1405265940000,45.16,1
1405266240000,52.621,1
1405266540000,53.67100000000001,1
1405266840000,46.0547,1
1405267140000,47.0,1
1405267440000,37.671,1
1405267740000,54.2465,1
1405268040000,45.666000000000004,1
1405268340000,56.82,1
1405268640000,62.5873,1
1405268940000,52.375,1
1405269240000,37.376999999999995,1
1405269540000,56.714,1
1405269840000,64.5,1
1405270140000,57.123999999999995,1
1405270440000,60.883,1
1405270740000,58.3823,1
1405271040000,38.001,1
1405271340000,91.6663,1
1405271640000,93.3337,1
1405271940000,56.216,1
1405272240000,61.8897,1
1405272540000,46.5,1
1405272840000,36.955,1
1405273140000,65.0573,1
1405273440000,52.718999999999994,1
1405273740000,56.511,1
1405274040000,75.858,1
1405274340000,63.718,1
1405274640000,65.525,1
1405274940000,100.0,1
1405275240000,62.266999999999996,1
1405275540000,53.82899999999999,1
1405275840000,57.5008,1
1405276140000,57.667,1
1405276440000,62.22,1
1405276740000,57.114,1
1405277040000,52.333999999999996,1
1405277340000,64.6437,1
1405277640000,43.75100000000001,1
1405277940000,56.833999999999996,1
1405278240000,63.714,1
1405278540000,70.666,1
1405278840000,61.857,1
1405279140000,64.455,1
1405279440000,37.205999999999996,1
1405279740000,55.7918,1
1405280040000,51.89,1
1405280340000,56.048,1
1405280640000,58.6333,1
1405280940000,59.0,1
1405281240000,29.999000000000002,1
1405281540000,65.4643,1
1405281840000,51.5,1
1405282140000,92.834,1
1405282440000,95.22200000000001,1
1405282740000,63.165,1
1405283040000,57.727,1
1405283340000,64.666,1
1405283640000,39.784,1
1405283940000,55.2487,1
1405284240000,64.547,1
1405284540000,57.662,1
1405284840000,62.1233,1
1405285140000,52.552,1
1405285440000,37.897,1
1405285740000,52.2185,1
1405286040000,52.708,1
1405286340000,57.667,1
1405286640000,74.876,1
1405286940000,63.666000000000004,1
1405287240000,61.333,1
1405287540000,64.001,1
1405287840000,46.251999999999995,1
1405288140000,56.726000000000006,1
1405288440000,74.3043,1
1405288740000,64.285,1
1405289040000,70.38,1
1405289340000,80.8887,1
1405289640000,39.099000000000004,1
1405289940000,57.504,1
1405290240000,62.964,1
1405290540000,45.498999999999995,1
1405290840000,38.108000000000004,1
1405291140000,52.2523,1
1405291440000,59.167,1
1405291740000,56.788999999999994,1
1405292040000,62.29600000000001,1
1405292340000,52.052,1
1405292640000,35.789,1
1405292940000,88.055,1
1405293240000,87.751,1
1405293540000,56.167,1
1405293840000,61.1287,1
1405294140000,57.6678,1
1405294440000,36.666,1
1405294740000,54.544,1
1405295040000,59.324,1
1405295340000,56.951,1
1405295640000,62.12600000000001,1
1405295940000,57.1587,1
1405296240000,37.215,1
1405296540000,92.4078,1
1405296840000,74.999,1
1405297140000,57.39,1
1405297440000,75.6357,1
1405297740000,61.38800000000001,1
1405298040000,51.803999999999995,1
1405298340000,69.7787,1
1405298640000,45.835,1
1405298940000,56.45399999999999,1
1405299240000,61.498999999999995,1
1405299540000,58.552,1
1405299840000,37.062,1
1405300140000,77.2233,1
1405300440000,67.50399999999999,1
1405300740000,58.586999999999996,1
1405301040000,74.3327,1
1405301340000,45.964,1
1405301640000,36.646,1
1405301940000,68.7138,1
1405302240000,53.52,1
1405302540000,56.878,1
1405302840000,62.75100000000001,1
1405303140000,53.309,1
1405303440000,37.167,1
1405303740000,36.384,1
1405304040000,45.996,1
1405304340000,56.496,1
1405304640000,61.336999999999996,1
1405304940000,52.787,1
1405305240000,37.719,1
1405305540000,51.6113,1
1405305840000,64.454,1
1405306140000,55.666000000000004,1
1405306440000,74.1977,1
1405306740000,46.08600000000001,1
1405307040000,36.566,1
1405307340000,36.669000000000004,1
1405307640000,39.504,1
1405307940000,58.753,1
1405308240000,27.334,1
1405308540000,64.156,1
1405308840000,61.166000000000004,1
1405309140000,74.3333,1
1405309440000,45.78100000000001,1
1405309740000,55.953,1
1405310040000,64.041,1
1405310340000,63.996,1
1405310640000,68.46600000000001,1
1405310940000,93.125,1
1405311240000,58.833,1
1405311540000,52.3323,1
1405311840000,51.956,1
1405312140000,56.89,1
1405312440000,74.138,1
1405312740000,51.166000000000004,1
1405313040000,37.166,1
1405313340000,50.4433,1
1405313640000,39.803000000000004,1
1405313940000,56.573,1
1405314240000,21.166999999999998,1
1405314540000,100.0,1
1405314840000,89.507,1
1405315140000,57.0597,1
1405315440000,37.114000000000004,1
1405315740000,52.9447,1
1405316040000,58.998999999999995,1
1405316340000,56.99,1
1405316640000,75.61,1
1405316940000,52.332,1
1405317240000,30.721999999999998,1
1405317540000,48.4143,1
1405317840000,45.45399999999999,1
1405318140000,64.887,1
1405318440000,22.8325,1
1405318740000,52.025,1
1405319040000,33.165,1
1405319340000,64.667,1
1405319640000,36.666,1
1405319940000,55.3927,1
1405320240000,64.499,1
1405320540000,63.95,1
1405320840000,62.33600000000001,1
1405321140000,64.878,1
1405321440000,38.141,1
1405321740000,93.167,1
1405322040000,92.4453,1
1405322340000,57.833,1
1405322640000,62.328,1
1405322940000,57.7023,1
1405323240000,36.829,1
1405323540000,55.0838,1
1405323840000,64.538,1
1405324140000,56.108000000000004,1
1405324440000,61.165,1
1405324740000,29.906,1
1405325040000,38.654,1
1405325340000,93.336,1
1405325640000,95.22200000000001,1
1405325940000,56.835,1
1405326240000,57.368,1
1405326540000,64.499,1
1405326840000,38.304,1
1405327140000,56.784,1
1405327440000,75.3433,1
1405327740000,63.88,1
1405328040000,62.995,1
1405328340000,64.833,1
1405328640000,45.042,1
1405328940000,64.286,1
1405329240000,63.213,1
1405329540000,63.998999999999995,1
1405329840000,59.832,1
1405330140000,74.5247,1
1405330440000,49.761,1
1405330740000,55.666000000000004,1
1405331040000,63.2213,1
1405331340000,50.998999999999995,1
1405331640000,28.45300000000001,1
1405331940000,64.721,1
1405332240000,52.167,1
1405332540000,92.147,1
1405332840000,90.4077,1
1405333140000,51.12,1
1405333440000,37.271,1
1405333740000,48.0445,1
1405334040000,50.666000000000004,1
1405334340000,56.288999999999994,1
1405334640000,62.3293,1
1405334940000,51.38399999999999,1
1405335240000,28.081999999999997,1
1405335540000,46.948,1
1405335840000,59.048,1
1405336140000,64.667,1
1405336440000,74.1147,1
1405336740000,45.653999999999996,1
1405337040000,36.216,1
1405337340000,42.9993,1
1405337640000,36.81800000000001,1
1405337940000,55.0402,1
1405338240000,64.612,1
1405338540000,58.805,1
1405338840000,61.888999999999996,1
1405339140000,50.581,1
1405339440000,37.214,1
1405339740000,88.3333,1
1405340040000,73.907,1
1405340340000,56.50100000000001,1
1405340640000,58.7233,1
1405340940000,64.166,1
1405341240000,61.486999999999995,1
1405341540000,42.6667,1
1405341840000,52.835,1
1405342140000,58.265,1
1405342440000,59.476000000000006,1
1405342740000,64.0,1
1405343040000,68.961,1
1405343340000,50.0,1
1405343640000,68.064,1
1405343940000,57.217,1
1405344240000,63.3335,1
1405344540000,45.99800000000001,1
1405344840000,37.167,1
1405345140000,64.8587,1
1405345440000,53.828,1
1405345740000,56.815,1
1405346040000,51.665,1
1405346340000,58.902,1
1405346640000,37.692,1
1405346940000,83.3333,1
1405347240000,71.869,1
1405347540000,58.051,1
1405347840000,64.168,1
1405348140000,64.501,1
1405348440000,60.498999999999995,1
1405348740000,64.0,1
1405349040000,57.898999999999994,1
1405349340000,57.0,1
1405349640000,56.548,1
1405349940000,56.593,1
1405350240000,64.585,1
1405350540000,93.0088,1
1405350840000,58.869,1
1405351140000,52.3323,1
1405351440000,56.7503,1
1405351740000,57.942,1
1405352040000,60.4888,1
1405352340000,64.048,1
1405352640000,39.044000000000004,1
1405352940000,52.5677,1
1405353240000,58.879,1
1405353540000,57.93899999999999,1
1405353840000,69.34,1
1405354140000,100.0,1
1405354440000,61.511,1
1405354740000,55.453,1
1405355040000,63.836999999999996,1
1405355340000,59.217,1
1405355640000,62.1668,1
1405355940000,63.953,1
1405356240000,39.548,1
1405356540000,56.95399999999999,1
1405356840000,61.56399999999999,1
1405357140000,47.368,1
1405357440000,36.5,1
1405357740000,92.21799999999999,1
1405358040000,92.667,1
1405358340000,64.12100000000001,1
1405358640000,62.315,1
1405358940000,71.384,1
1405359240000,67.5,1
1405359540000,64.499,1
1405359840000,64.999,1
1405360140000,64.666,1
1405360440000,64.668,1
1405360740000,64.993,1
1405361040000,76.833,1
1405361340000,98.0,1
1405361640000,83.333,1
1405361940000,64.55,1
1405362240000,63.482,1
1405362540000,62.31,1
1405362840000,64.45,1
1405363140000,88.007,1
1405363440000,98.98299999999999,1
1405363740000,100.0,1
1405364040000,87.0262,1
1405364340000,59.613,1
1405364640000,66.2295,1
1405364940000,69.191,1
1405365240000,62.5005,1
1405365540000,62.1095,1
1405365840000,69.7243,1
1405366140000,73.7773,1
1405366440000,66.1593,1
1405366740000,50.6507,1
1405367040000,52.7633,1
1405367340000,52.9793,1
1405367640000,59.665,1
1405367940000,22.276,1
1405368240000,14.448,1
1405368540000,14.839,1
1405368840000,14.713,1
1405369140000,14.286,1
1405369440000,18.214000000000002,1
1405369740000,15.005,1
1405370040000,36.5,1
1405370340000,55.8876,1
1405370640000,39.165,1
1405370940000,38.834,1
1405371240000,17.532,1
1405371540000,19.259,1
1405371840000,30.724,1
1405372140000,36.619,1
1405372440000,31.773000000000003,1
1405372740000,14.789000000000001,1
1405373040000,15.044,1
1405373340000,15.623,1
1405373640000,15.05,1
1405373940000,15.442,1
1405374240000,14.714,1
1405374540000,14.947000000000001,1
1405374840000,14.67,1
1405375140000,16.148,1
1405375440000,22.045,1
1405375740000,19.79,1
1405376040000,13.030999999999999,1
1405376340000,12.132,1
1405376640000,12.039000000000001,1
1405376940000,12.663,1
1405377240000,12.333,1
1405377540000,12.124,1
1405377840000,12.837,1
1405378140000,12.199000000000002,1
1405378440000,11.954,1
1405378740000,13.659,1
1405379040000,19.877,1
1405379340000,20.004,1
1405379640000,12.87,1
1405379940000,12.339,1
1405380240000,12.135,1
1405380540000,12.867,1
1405380840000,11.960999999999999,1
1405381140000,12.373,1
1405381440000,12.455,1
1405381740000,12.54,1
1405382040000,12.339,1
1405382340000,13.115,1
1405382640000,19.958,1
1405382940000,20.213,1
1405383240000,12.796,1
1405383540000,12.035,1
1405383840000,11.958,1
1405384140000,12.675999999999998,1
1405384440000,11.838,1
1405384740000,12.003,1
1405385040000,12.677,1
1405385340000,11.837,1
1405385640000,12.035,1
1405385940000,13.675,1
1405386240000,19.5,1
1405386540000,19.998,1
1405386840000,12.456,1
1405387140000,12.196,1
1405387440000,12.339,1
1405387740000,12.845,1
1405388040000,12.337,1
1405388340000,12.13,1
1405388640000,12.536,1
1405388940000,12.165999999999999,1
1405389240000,11.83,1
1405389540000,13.463,1
1405389840000,19.66,1
1405390140000,20.045,1
1405390440000,12.675999999999998,1
1405390740000,12.168,1
1405391040000,11.83,1
1405391340000,12.665999999999999,1
1405391640000,11.999,1
1405391940000,12.333,1
1405392240000,12.667,1
1405392540000,11.798,1
1405392840000,11.998,1
1405393140000,13.350999999999999,1
1405393440000,19.874000000000002,1
1405393740000,29.671,1
1405394040000,13.334000000000001,1
1405394340000,11.612,1
1405394640000,12.167,1
1405394940000,20.041,1
1405395240000,11.669,1
1405395540000,12.0,1
1405395840000,12.332,1
1405396140000,12.17,1
1405396440000,11.970999999999998,1
1405396740000,13.334000000000001,1
1405397040000,19.706,1
1405397340000,20.204,1
1405397640000,12.661,1
1405397940000,11.997,1
1405398240000,11.963,1
1405398540000,12.667,1
1405398840000,12.167,1
1405399140000,11.868,1
1405399440000,12.464,1
1405399740000,12.165999999999999,1
1405400040000,12.37,1
1405400340000,13.169,1
1405400640000,19.794,1
1405400940000,19.798,1
1405401240000,12.664000000000001,1
1405401540000,12.328,1
1405401840000,12.039000000000001,1
1405402140000,12.468,1
1405402440000,12.04,1
1405402740000,11.800999999999998,1
1405403040000,12.669,1
1405403340000,12.040999999999999,1
1405403640000,12.17,1
1405403940000,12.982999999999999,1
1405404240000,19.871,1
1405404540000,19.997,1
1405404840000,12.677999999999999,1
1405405140000,12.169,1
1405405440000,12.296,1
1405405740000,12.533,1
1405406040000,12.130999999999998,1
1405406340000,12.329,1
1405406640000,12.876,1
1405406940000,12.169,1
1405407240000,12.172,1
1405407540000,13.684000000000001,1
1405407840000,19.837,1
1405408140000,19.667,1
1405408440000,12.7,1
1405408740000,12.132,1
1405409040000,12.030999999999999,1
1405409340000,12.805,1
1405409640000,12.208,1
1405409940000,11.997,1
1405410240000,12.668,1
1405410540000,12.135,1
1405410840000,12.001,1
1405411140000,13.044,1
1405411440000,19.664,1
1405411740000,20.15,1
1405412040000,12.619000000000002,1
1405412340000,12.189,1
1405412640000,11.839,1
1405412940000,12.960999999999999,1
1405413240000,12.208,1
1405413540000,11.800999999999998,1
1405413840000,12.508,1
1405414140000,12.03,1
1405414440000,11.991,1
1405414740000,13.463,1
1405415040000,19.665,1
1405415340000,19.796,1
1405415640000,12.677999999999999,1
1405415940000,12.205,1
1405416240000,12.17,1
1405416540000,12.460999999999999,1
1405416840000,12.036,1
1405417140000,12.171,1
1405417440000,12.334000000000001,1
1405417740000,11.997,1
1405418040000,12.17,1
1405418340000,13.294,1
1405418640000,19.839000000000002,1
1405418940000,20.127,1
1405419240000,12.497,1
1405419540000,11.867,1
1405419840000,12.005999999999998,1
1405420140000,12.495999999999999,1
1405420440000,12.167,1
1405420740000,11.997,1
1405421040000,12.628,1
1405421340000,12.035,1
1405421640000,12.001,1
1405421940000,13.162,1
1405422240000,20.131,1
1405422540000,19.829,1
1405422840000,12.51,1
1405423140000,12.168,1
1405423440000,12.04,1
1405423740000,12.455,1
1405424040000,12.542,1
1405424340000,11.795,1
1405424640000,12.827,1
1405424940000,11.529000000000002,1
1405425240000,12.167,1
1405425540000,13.168,1
1405425840000,19.672,1
1405426140000,19.71,1
1405426440000,12.824000000000002,1
1405426740000,12.17,1
1405427040000,12.0,1
1405427340000,12.638,1
1405427640000,12.005,1
1405427940000,11.875,1
1405428240000,12.831,1
1405428540000,11.838,1
1405428840000,12.299000000000001,1
1405429140000,13.482999999999999,1
1405429440000,19.674,1
1405429740000,19.997,1
1405430040000,12.795,1
1405430340000,12.030999999999999,1
1405430640000,11.966,1
1405430940000,12.652000000000001,1
1405431240000,12.322000000000001,1
1405431540000,11.69,1
1405431840000,12.622,1
1405432140000,12.001,1
1405432440000,11.869000000000002,1
1405432740000,13.623,1
1405433040000,19.702,1
1405433340000,19.797,1
1405433640000,12.842,1
1405433940000,11.994000000000002,1
1405434240000,11.705,1
1405434540000,12.633,1
1405434840000,12.213,1
1405435140000,12.009,1
1405435440000,12.675999999999998,1
1405435740000,12.157,1
1405436040000,11.993,1
1405436340000,13.325999999999999,1
1405436640000,19.797,1
1405436940000,19.83,1
1405437240000,12.829,1
1405437540000,12.165999999999999,1
1405437840000,11.994000000000002,1
1405438140000,12.498,1
1405438440000,12.132,1
1405438740000,12.040999999999999,1
1405439040000,12.5,1
1405439340000,11.960999999999999,1
1405439640000,11.833,1
1405439940000,13.39,1
1405440240000,19.63,1
1405440540000,19.629,1
1405440840000,12.844000000000001,1
1405441140000,11.828,1
1405441440000,12.039000000000001,1
1405441740000,12.835999999999999,1
1405442040000,12.124,1
1405442340000,12.171,1
1405442640000,12.845999999999998,1
1405442940000,12.17,1
1405443240000,12.043,1
1405443540000,13.498,1
1405443840000,19.831,1
1405444140000,27.165,1
1405444440000,12.873,1
1405444740000,12.129000000000001,1
