timestamp_s,value,is_anomaly
1396310400,20.0,0
1396310700,20.0,0
1396311000,20.0,0
1396311300,20.0,0
1396311600,20.0,0
1396311900,20.0,0
1396312200,20.0,0
1396312500,20.0,0
1396312800,20.0,0
1396313100,20.0,0
1396313400,20.0,0
1396313700,20.0,0
1396314000,20.0,0
1396314300,20.0,0
1396314600,20.0,0
1396314900,20.0,0
1396315200,20.0,0
1396315500,20.0,0
1396315800,20.0,0
1396316100,20.0,0
1396316400,20.0,0
1396316700,20.0,0
1396317000,20.0,0
1396317300,20.0,0
1396317600,20.0,0
1396317900,20.0,0
1396318200,20.0,0
1396318500,20.0,0
1396318800,20.0,0
1396319100,20.0,0
1396319400,20.0,0
1396319700,20.0,0
1396320000,20.0,0
1396320300,20.0,0
1396320600,20.0,0
1396320900,20.0,0
1396321200,20.0,0
1396321500,20.0,0
1396321800,20.0,0
1396322100,20.0,0
1396322400,20.0,0
1396322700,20.0,0
1396323000,20.0,0
1396323300,20.0,0
1396323600,20.0,0
1396323900,20.0,0
1396324200,20.0,0
1396324500,20.0,0
1396324800,20.0,0
1396325100,20.0,0
1396325400,20.0,0
1396325700,20.0,0
1396326000,20.0,0
1396326300,20.0,0
1396326600,20.0,0
1396326900,20.0,0
1396327200,20.0,0
1396327500,20.0,0
1396327800,20.0,0
1396328100,20.0,0
1396328400,20.0,0
1396328700,20.0,0
1396329000,20.0,0
1396329300,20.0,0
1396329600,20.0,0
1396329900,20.0,0
1396330200,20.0,0
1396330500,20.0,0
1396330800,20.0,0
1396331100,20.0,0
1396331400,20.0,0
1396331700,20.0,0
1396332000,20.0,0
1396332300,20.0,0
1396332600,20.0,0
1396332900,20.0,0
1396333200,20.0,0
1396333500,20.0,0
1396333800,20.0,0
1396334100,20.0,0
1396334400,20.0,0
1396334700,20.0,0
1396335000,20.0,0
1396335300,20.0,0
1396335600,20.0,0
1396335900,20.0,0
1396336200,20.0,0
1396336500,20.0,0
1396336800,20.0,0
1396337100,20.0,0
1396337400,20.0,0
1396337700,20.0,0
1396338000,20.0,0
1396338300,20.0,0
1396338600,20.0,0
1396338900,20.0,0
1396339200,20.0,0
1396339500,20.0,0
1396339800,20.0,0
1396340100,20.0,0
1396340400,20.0,0
1396340700,20.0,0
1396341000,20.0,0
1396341300,20.0,0
1396341600,20.0,0
1396341900,20.0,0
1396342200,20.0,0
1396342500,20.0,0
1396342800,68.0,0
1396343100,68.0,0
1396343400,68.0,0
1396343700,68.0,0
1396344000,68.0,0
1396344300,68.0,0
1396344600,68.0,0
1396344900,68.0,0
1396345200,68.0,0
1396345500,68.0,0
1396345800,68.0,0
1396346100,68.0,0
1396346400,77.6,0
1396346700,77.6,0
1396347000,77.6,0
1396347300,77.6,0
1396347600,77.6,0
1396347900,77.6,0
1396348200,77.6,0
1396348500,77.6,0
1396348800,77.6,0
1396349100,77.6,0
1396349400,77.6,0
1396349700,77.6,0
1396350000,79.52,0
1396350300,79.52,0
1396350600,79.52,0
1396350900,79.52,0
1396351200,79.52,0
1396351500,79.52,0
1396351800,79.52,0
1396352100,79.52,0
1396352400,79.52,0
1396352700,79.52,0
1396353000,79.52,0
1396353300,79.52,0
1396353600,79.904,0
1396353900,79.904,0
1396354200,79.904,0
1396354500,79.904,0
1396354800,79.904,0
1396355100,79.904,0
1396355400,79.904,0
1396355700,79.904,0
1396356000,79.904,0
1396356300,79.904,0
1396356600,79.904,0
1396356900,79.904,0
1396357200,79.9808,0
1396357500,79.9808,0
1396357800,79.9808,0
1396358100,79.9808,0
1396358400,79.9808,0
1396358700,79.9808,0
1396359000,79.9808,0
1396359300,79.9808,0
1396359600,79.9808,0
1396359900,79.9808,0
1396360200,79.9808,0
1396360500,79.9808,0
1396360800,79.99616,0
1396361100,79.99616,0
1396361400,79.99616,0
1396361700,79.99616,0
1396362000,79.99616,0
1396362300,79.99616,0
1396362600,79.99616,0
1396362900,79.99616,0
1396363200,79.99616,0
1396363500,79.99616,0
1396363800,79.99616,0
1396364100,79.99616,0
1396364400,79.99923199999998,0
1396364700,79.99923199999998,0
1396365000,79.99923199999998,0
1396365300,79.99923199999998,0
1396365600,79.99923199999998,0
1396365900,79.99923199999998,0
1396366200,79.99923199999998,0
1396366500,79.99923199999998,0
1396366800,79.99923199999998,0
1396367100,79.99923199999998,0
1396367400,79.99923199999998,0
1396367700,79.99923199999998,0
1396368000,79.99984640000002,0
1396368300,79.99984640000002,0
1396368600,79.99984640000002,0
1396368900,79.99984640000002,0
1396369200,79.99984640000002,0
1396369500,79.99984640000002,0
1396369800,79.99984640000002,0
1396370100,79.99984640000002,0
1396370400,79.99984640000002,0
1396370700,79.99984640000002,0
1396371000,79.99984640000002,0
1396371300,79.99984640000002,0
1396371600,79.99996928,0
1396371900,79.99996928,0
1396372200,79.99996928,0
1396372500,79.99996928,0
1396372800,79.99996928,0
1396373100,79.99996928,0
1396373400,79.99996928,0
1396373700,79.99996928,0
1396374000,79.99996928,0
1396374300,79.99996928,0
1396374600,79.99996928,0
1396374900,79.99996928,0
1396375200,31.999993856,0
1396375500,31.999993856,0
1396375800,31.999993856,0
1396376100,31.999993856,0
1396376400,31.999993856,0
1396376700,31.999993856,0
1396377000,31.999993856,0
1396377300,31.999993856,0
1396377600,31.999993856,0
1396377900,31.999993856,0
1396378200,31.999993856,0
1396378500,31.999993856,0
1396378800,22.3999987712,0
1396379100,22.3999987712,0
1396379400,22.3999987712,0
1396379700,22.3999987712,0
1396380000,22.3999987712,0
1396380300,22.3999987712,0
1396380600,22.3999987712,0
1396380900,22.3999987712,0
1396381200,22.3999987712,0
1396381500,22.3999987712,0
1396381800,22.3999987712,0
1396382100,22.3999987712,0
1396382400,20.4799997542,0
1396382700,20.4799997542,0
1396383000,20.4799997542,0
1396383300,20.4799997542,0
1396383600,20.4799997542,0
1396383900,20.4799997542,0
1396384200,20.4799997542,0
1396384500,20.4799997542,0
1396384800,20.4799997542,0
1396385100,20.4799997542,0
1396385400,20.4799997542,0
1396385700,20.4799997542,0
1396386000,20.0959999508,0
1396386300,20.0959999508,0
1396386600,20.0959999508,0
1396386900,20.0959999508,0
1396387200,20.0959999508,0
1396387500,20.0959999508,0
1396387800,20.0959999508,0
1396388100,20.0959999508,0
1396388400,20.0959999508,0
1396388700,20.0959999508,0
1396389000,20.0959999508,0
1396389300,20.0959999508,0
1396389600,20.0191999902,0
1396389900,20.0191999902,0
1396390200,20.0191999902,0
1396390500,20.0191999902,0
1396390800,20.0191999902,0
1396391100,20.0191999902,0
1396391400,20.0191999902,0
1396391700,20.0191999902,0
1396392000,20.0191999902,0
1396392300,20.0191999902,0
1396392600,20.0191999902,0
1396392900,20.0191999902,0
1396393200,20.003839998,0
1396393500,20.003839998,0
1396393800,20.003839998,0
1396394100,20.003839998,0
1396394400,20.003839998,0
1396394700,20.003839998,0
1396395000,20.003839998,0
1396395300,20.003839998,0
1396395600,20.003839998,0
1396395900,20.003839998,0
1396396200,20.003839998,0
1396396500,20.003839998,0
1396396800,20.0,0
1396397100,20.0,0
1396397400,20.0,0
1396397700,20.0,0
1396398000,20.0,0
1396398300,20.0,0
1396398600,20.0,0
1396398900,20.0,0
1396399200,20.0,0
1396399500,20.0,0
1396399800,20.0,0
1396400100,20.0,0
1396400400,20.0,0
1396400700,20.0,0
1396401000,20.0,0
1396401300,20.0,0
1396401600,20.0,0
1396401900,20.0,0
1396402200,20.0,0
1396402500,20.0,0
1396402800,20.0,0
1396403100,20.0,0
1396403400,20.0,0
1396403700,20.0,0
1396404000,20.0,0
1396404300,20.0,0
1396404600,20.0,0
1396404900,20.0,0
1396405200,20.0,0
1396405500,20.0,0
1396405800,20.0,0
1396406100,20.0,0
1396406400,20.0,0
1396406700,20.0,0
1396407000,20.0,0
1396407300,20.0,0
1396407600,20.0,0
1396407900,20.0,0
1396408200,20.0,0
1396408500,20.0,0
1396408800,20.0,0
1396409100,20.0,0
1396409400,20.0,0
1396409700,20.0,0
1396410000,20.0,0
1396410300,20.0,0
1396410600,20.0,0
1396410900,20.0,0
1396411200,20.0,0
1396411500,20.0,0
1396411800,20.0,0
1396412100,20.0,0
1396412400,20.0,0
1396412700,20.0,0
1396413000,20.0,0
1396413300,20.0,0
1396413600,20.0,0
1396413900,20.0,0
1396414200,20.0,0
1396414500,20.0,0
1396414800,20.0,0
1396415100,20.0,0
1396415400,20.0,0
1396415700,20.0,0
1396416000,20.0,0
1396416300,20.0,0
1396416600,20.0,0
1396416900,20.0,0
1396417200,20.0,0
1396417500,20.0,0
1396417800,20.0,0
1396418100,20.0,0
1396418400,20.0,0
1396418700,20.0,0
1396419000,20.0,0
1396419300,20.0,0
1396419600,20.0,0
1396419900,20.0,0
1396420200,20.0,0
1396420500,20.0,0
1396420800,20.0,0
1396421100,20.0,0
1396421400,20.0,0
1396421700,20.0,0
1396422000,20.0,0
1396422300,20.0,0
1396422600,20.0,0
1396422900,20.0,0
1396423200,20.0,0
1396423500,20.0,0
1396423800,20.0,0
1396424100,20.0,0
1396424400,20.0,0
1396424700,20.0,0
1396425000,20.0,0
1396425300,20.0,0
1396425600,20.0,0
1396425900,20.0,0
1396426200,20.0,0
1396426500,20.0,0
1396426800,20.0,0
1396427100,20.0,0
1396427400,20.0,0
1396427700,20.0,0
1396428000,20.0,0
1396428300,20.0,0
1396428600,20.0,0
1396428900,20.0,0
1396429200,68.0,0
1396429500,68.0,0
1396429800,68.0,0
1396430100,68.0,0
1396430400,68.0,0
1396430700,68.0,0
1396431000,68.0,0
1396431300,68.0,0
1396431600,68.0,0
1396431900,68.0,0
1396432200,68.0,0
1396432500,68.0,0
1396432800,77.6,0
1396433100,77.6,0
1396433400,77.6,0
1396433700,77.6,0
1396434000,77.6,0
1396434300,77.6,0
1396434600,77.6,0
1396434900,77.6,0
1396435200,77.6,0
1396435500,77.6,0
1396435800,77.6,0
1396436100,77.6,0
1396436400,79.52,0
1396436700,79.52,0
1396437000,79.52,0
1396437300,79.52,0
1396437600,79.52,0
1396437900,79.52,0
1396438200,79.52,0
1396438500,79.52,0
1396438800,79.52,0
1396439100,79.52,0
1396439400,79.52,0
1396439700,79.52,0
1396440000,79.904,0
1396440300,79.904,0
1396440600,79.904,0
1396440900,79.904,0
1396441200,79.904,0
1396441500,79.904,0
1396441800,79.904,0
1396442100,79.904,0
1396442400,79.904,0
1396442700,79.904,0
1396443000,79.904,0
1396443300,79.904,0
1396443600,79.9808,0
1396443900,79.9808,0
1396444200,79.9808,0
1396444500,79.9808,0
1396444800,79.9808,0
1396445100,79.9808,0
1396445400,79.9808,0
1396445700,79.9808,0
1396446000,79.9808,0
1396446300,79.9808,0
1396446600,79.9808,0
1396446900,79.9808,0
1396447200,79.99616,0
1396447500,79.99616,0
1396447800,79.99616,0
1396448100,79.99616,0
1396448400,79.99616,0
1396448700,79.99616,0
1396449000,79.99616,0
1396449300,79.99616,0
1396449600,79.99616,0
1396449900,79.99616,0
1396450200,79.99616,0
1396450500,79.99616,0
1396450800,79.99923199999998,0
1396451100,79.99923199999998,0
1396451400,79.99923199999998,0
1396451700,79.99923199999998,0
1396452000,79.99923199999998,0
1396452300,79.99923199999998,0
1396452600,79.99923199999998,0
1396452900,79.99923199999998,0
1396453200,79.99923199999998,0
1396453500,79.99923199999998,0
1396453800,79.99923199999998,0
1396454100,79.99923199999998,0
1396454400,79.99984640000002,0
1396454700,79.99984640000002,0
1396455000,79.99984640000002,0
1396455300,79.99984640000002,0
1396455600,79.99984640000002,0
1396455900,79.99984640000002,0
1396456200,79.99984640000002,0
1396456500,79.99984640000002,0
1396456800,79.99984640000002,0
1396457100,79.99984640000002,0
1396457400,79.99984640000002,0
1396457700,79.99984640000002,0
1396458000,79.99996928,0
1396458300,79.99996928,0
1396458600,79.99996928,0
1396458900,79.99996928,0
1396459200,79.99996928,0
1396459500,79.99996928,0
1396459800,79.99996928,0
1396460100,79.99996928,0
1396460400,79.99996928,0
1396460700,79.99996928,0
1396461000,79.99996928,0
1396461300,79.99996928,0
1396461600,31.999993856,0
1396461900,31.999993856,0
1396462200,31.999993856,0
1396462500,31.999993856,0
1396462800,31.999993856,0
1396463100,31.999993856,0
1396463400,31.999993856,0
1396463700,31.999993856,0
1396464000,31.999993856,0
1396464300,31.999993856,0
1396464600,31.999993856,0
1396464900,31.999993856,0
1396465200,22.3999987712,0
1396465500,22.3999987712,0
1396465800,22.3999987712,0
1396466100,22.3999987712,0
1396466400,22.3999987712,0
1396466700,22.3999987712,0
1396467000,22.3999987712,0
1396467300,22.3999987712,0
1396467600,22.3999987712,0
1396467900,22.3999987712,0
1396468200,22.3999987712,0
1396468500,22.3999987712,0
1396468800,20.4799997542,0
1396469100,20.4799997542,0
1396469400,20.4799997542,0
1396469700,20.4799997542,0
1396470000,20.4799997542,0
1396470300,20.4799997542,0
1396470600,20.4799997542,0
1396470900,20.4799997542,0
1396471200,20.4799997542,0
1396471500,20.4799997542,0
1396471800,20.4799997542,0
1396472100,20.4799997542,0
1396472400,20.0959999508,0
1396472700,20.0959999508,0
1396473000,20.0959999508,0
1396473300,20.0959999508,0
1396473600,20.0959999508,0
1396473900,20.0959999508,0
1396474200,20.0959999508,0
1396474500,20.0959999508,0
1396474800,20.0959999508,0
1396475100,20.0959999508,0
1396475400,20.0959999508,0
1396475700,20.0959999508,0
1396476000,20.0191999902,0
1396476300,20.0191999902,0
1396476600,20.0191999902,0
1396476900,20.0191999902,0
1396477200,20.0191999902,0
1396477500,20.0191999902,0
1396477800,20.0191999902,0
1396478100,20.0191999902,0
1396478400,20.0191999902,0
1396478700,20.0191999902,0
1396479000,20.0191999902,0
1396479300,20.0191999902,0
1396479600,20.003839998,0
1396479900,20.003839998,0
1396480200,20.003839998,0
1396480500,20.003839998,0
1396480800,20.003839998,0
1396481100,20.003839998,0
1396481400,20.003839998,0
1396481700,20.003839998,0
1396482000,20.003839998,0
1396482300,20.003839998,0
1396482600,20.003839998,0
1396482900,20.003839998,0
1396483200,20.0,0
1396483500,20.0,0
1396483800,20.0,0
1396484100,20.0,0
1396484400,20.0,0
1396484700,20.0,0
1396485000,20.0,0
1396485300,20.0,0
1396485600,20.0,0
1396485900,20.0,0
1396486200,20.0,0
1396486500,20.0,0
1396486800,20.0,0
1396487100,20.0,0
1396487400,20.0,0
1396487700,20.0,0
1396488000,20.0,0
1396488300,20.0,0
1396488600,20.0,0
1396488900,20.0,0
1396489200,20.0,0
1396489500,20.0,0
1396489800,20.0,0
1396490100,20.0,0
1396490400,20.0,0
1396490700,20.0,0
1396491000,20.0,0
1396491300,20.0,0
1396491600,20.0,0
1396491900,20.0,0
1396492200,20.0,0
1396492500,20.0,0
1396492800,20.0,0
1396493100,20.0,0
1396493400,20.0,0
1396493700,20.0,0
1396494000,20.0,0
1396494300,20.0,0
1396494600,20.0,0
1396494900,20.0,0
1396495200,20.0,0
1396495500,20.0,0
1396495800,20.0,0
1396496100,20.0,0
1396496400,20.0,0
1396496700,20.0,0
1396497000,20.0,0
1396497300,20.0,0
1396497600,20.0,0
1396497900,20.0,0
1396498200,20.0,0
1396498500,20.0,0
1396498800,20.0,0
1396499100,20.0,0
1396499400,20.0,0
1396499700,20.0,0
1396500000,20.0,0
1396500300,20.0,0
1396500600,20.0,0
1396500900,20.0,0
1396501200,20.0,0
1396501500,20.0,0
1396501800,20.0,0
1396502100,20.0,0
1396502400,20.0,0
1396502700,20.0,0
1396503000,20.0,0
1396503300,20.0,0
1396503600,20.0,0
1396503900,20.0,0
1396504200,20.0,0
1396504500,20.0,0
1396504800,20.0,0
1396505100,20.0,0
1396505400,20.0,0
1396505700,20.0,0
1396506000,20.0,0
1396506300,20.0,0
1396506600,20.0,0
1396506900,20.0,0
1396507200,20.0,0
1396507500,20.0,0
1396507800,20.0,0
1396508100,20.0,0
1396508400,20.0,0
1396508700,20.0,0
1396509000,20.0,0
1396509300,20.0,0
1396509600,20.0,0
1396509900,20.0,0
1396510200,20.0,0
1396510500,20.0,0
1396510800,20.0,0
1396511100,20.0,0
1396511400,20.0,0
1396511700,20.0,0
1396512000,20.0,0
1396512300,20.0,0
1396512600,20.0,0
1396512900,20.0,0
1396513200,20.0,0
1396513500,20.0,0
1396513800,20.0,0
1396514100,20.0,0
1396514400,20.0,0
1396514700,20.0,0
1396515000,20.0,0
1396515300,20.0,0
1396515600,68.0,0
1396515900,68.0,0
1396516200,68.0,0
1396516500,68.0,0
1396516800,68.0,0
1396517100,68.0,0
1396517400,68.0,0
1396517700,68.0,0
1396518000,68.0,0
1396518300,68.0,0
1396518600,68.0,0
1396518900,68.0,0
1396519200,77.6,0
1396519500,77.6,0
1396519800,77.6,0
1396520100,77.6,0
1396520400,77.6,0
1396520700,77.6,0
1396521000,77.6,0
1396521300,77.6,0
1396521600,77.6,0
1396521900,77.6,0
1396522200,77.6,0
1396522500,77.6,0
1396522800,79.52,0
1396523100,79.52,0
1396523400,79.52,0
1396523700,79.52,0
1396524000,79.52,0
1396524300,79.52,0
1396524600,79.52,0
1396524900,79.52,0
1396525200,79.52,0
1396525500,79.52,0
1396525800,79.52,0
1396526100,79.52,0
1396526400,79.904,0
1396526700,79.904,0
1396527000,79.904,0
1396527300,79.904,0
1396527600,79.904,0
1396527900,79.904,0
1396528200,79.904,0
1396528500,79.904,0
1396528800,79.904,0
1396529100,79.904,0
1396529400,79.904,0
1396529700,79.904,0
1396530000,79.9808,0
1396530300,79.9808,0
1396530600,79.9808,0
1396530900,79.9808,0
1396531200,79.9808,0
1396531500,79.9808,0
1396531800,79.9808,0
1396532100,79.9808,0
1396532400,79.9808,0
1396532700,79.9808,0
1396533000,79.9808,0
1396533300,79.9808,0
1396533600,79.99616,0
1396533900,79.99616,0
1396534200,79.99616,0
1396534500,79.99616,0
1396534800,79.99616,0
1396535100,79.99616,0
1396535400,79.99616,0
1396535700,79.99616,0
1396536000,79.99616,0
1396536300,79.99616,0
1396536600,79.99616,0
1396536900,79.99616,0
1396537200,79.99923199999998,0
1396537500,79.99923199999998,0
1396537800,79.99923199999998,0
1396538100,79.99923199999998,0
1396538400,79.99923199999998,0
1396538700,79.99923199999998,0
1396539000,79.99923199999998,0
1396539300,79.99923199999998,0
1396539600,79.99923199999998,0
1396539900,79.99923199999998,0
1396540200,79.99923199999998,0
1396540500,79.99923199999998,0
1396540800,79.99984640000002,0
1396541100,79.99984640000002,0
1396541400,79.99984640000002,0
1396541700,79.99984640000002,0
1396542000,79.99984640000002,0
1396542300,79.99984640000002,0
1396542600,79.99984640000002,0
1396542900,79.99984640000002,0
1396543200,79.99984640000002,0
1396543500,79.99984640000002,0
1396543800,79.99984640000002,0
1396544100,79.99984640000002,0
1396544400,79.99996928,0
1396544700,79.99996928,0
1396545000,79.99996928,0
1396545300,79.99996928,0
1396545600,79.99996928,0
1396545900,79.99996928,0
1396546200,79.99996928,0
1396546500,79.99996928,0
1396546800,79.99996928,0
1396547100,79.99996928,0
1396547400,79.99996928,0
1396547700,79.99996928,0
1396548000,31.999993856,0
1396548300,31.999993856,0
1396548600,31.999993856,0
1396548900,31.999993856,0
1396549200,31.999993856,0
1396549500,31.999993856,0
1396549800,31.999993856,0
1396550100,31.999993856,0
1396550400,31.999993856,0
1396550700,31.999993856,0
1396551000,31.999993856,0
1396551300,31.999993856,0
1396551600,22.3999987712,0
1396551900,22.3999987712,0
1396552200,22.3999987712,0
1396552500,22.3999987712,0
1396552800,22.3999987712,0
1396553100,22.3999987712,0
1396553400,22.3999987712,0
1396553700,22.3999987712,0
1396554000,22.3999987712,0
1396554300,22.3999987712,0
1396554600,22.3999987712,0
1396554900,22.3999987712,0
1396555200,20.4799997542,0
1396555500,20.4799997542,0
1396555800,20.4799997542,0
1396556100,20.4799997542,0
1396556400,20.4799997542,0
1396556700,20.4799997542,0
1396557000,20.4799997542,0
1396557300,20.4799997542,0
1396557600,20.4799997542,0
1396557900,20.4799997542,0
1396558200,20.4799997542,0
1396558500,20.4799997542,0
1396558800,20.0959999508,0
1396559100,20.0959999508,0
1396559400,20.0959999508,0
1396559700,20.0959999508,0
1396560000,20.0959999508,0
1396560300,20.0959999508,0
1396560600,20.0959999508,0
1396560900,20.0959999508,0
1396561200,20.0959999508,0
1396561500,20.0959999508,0
1396561800,20.0959999508,0
1396562100,20.0959999508,0
1396562400,20.0191999902,0
1396562700,20.0191999902,0
1396563000,20.0191999902,0
1396563300,20.0191999902,0
1396563600,20.0191999902,0
1396563900,20.0191999902,0
1396564200,20.0191999902,0
1396564500,20.0191999902,0
1396564800,20.0191999902,0
1396565100,20.0191999902,0
1396565400,20.0191999902,0
1396565700,20.0191999902,0
1396566000,20.003839998,0
1396566300,20.003839998,0
1396566600,20.003839998,0
1396566900,20.003839998,0
1396567200,20.003839998,0
1396567500,20.003839998,0
1396567800,20.003839998,0
1396568100,20.003839998,0
1396568400,20.003839998,0
1396568700,20.003839998,0
1396569000,20.003839998,0
1396569300,20.003839998,0
1396569600,20.0,0
1396569900,20.0,0
1396570200,20.0,0
1396570500,20.0,0
1396570800,20.0,0
1396571100,20.0,0
1396571400,20.0,0
1396571700,20.0,0
1396572000,20.0,0
1396572300,20.0,0
1396572600,20.0,0
1396572900,20.0,0
1396573200,20.0,0
1396573500,20.0,0
1396573800,20.0,0
1396574100,20.0,0
1396574400,20.0,0
1396574700,20.0,0
1396575000,20.0,0
1396575300,20.0,0
1396575600,20.0,0
1396575900,20.0,0
1396576200,20.0,0
1396576500,20.0,0
1396576800,20.0,0
1396577100,20.0,0
1396577400,20.0,0
1396577700,20.0,0
1396578000,20.0,0
1396578300,20.0,0
1396578600,20.0,0
1396578900,20.0,0
1396579200,20.0,0
1396579500,20.0,0
1396579800,20.0,0
1396580100,20.0,0
1396580400,20.0,0
1396580700,20.0,0
1396581000,20.0,0
1396581300,20.0,0
1396581600,20.0,0
1396581900,20.0,0
1396582200,20.0,0
1396582500,20.0,0
1396582800,20.0,0
1396583100,20.0,0
1396583400,20.0,0
1396583700,20.0,0
1396584000,20.0,0
1396584300,20.0,0
1396584600,20.0,0
1396584900,20.0,0
1396585200,20.0,0
1396585500,20.0,0
1396585800,20.0,0
1396586100,20.0,0
1396586400,20.0,0
1396586700,20.0,0
1396587000,20.0,0
1396587300,20.0,0
1396587600,20.0,0
1396587900,20.0,0
1396588200,20.0,0
1396588500,20.0,0
1396588800,20.0,0
1396589100,20.0,0
1396589400,20.0,0
1396589700,20.0,0
1396590000,20.0,0
1396590300,20.0,0
1396590600,20.0,0
1396590900,20.0,0
1396591200,20.0,0
1396591500,20.0,0
1396591800,20.0,0
1396592100,20.0,0
1396592400,20.0,0
1396592700,20.0,0
1396593000,20.0,0
1396593300,20.0,0
1396593600,20.0,0
1396593900,20.0,0
1396594200,20.0,0
1396594500,20.0,0
1396594800,20.0,0
1396595100,20.0,0
1396595400,20.0,0
1396595700,20.0,0
1396596000,20.0,0
1396596300,20.0,0
1396596600,20.0,0
1396596900,20.0,0
1396597200,20.0,0
1396597500,20.0,0
1396597800,20.0,0
1396598100,20.0,0
1396598400,20.0,0
1396598700,20.0,0
1396599000,20.0,0
1396599300,20.0,0
1396599600,20.0,0
1396599900,20.0,0
1396600200,20.0,0
1396600500,20.0,0
1396600800,20.0,0
1396601100,20.0,0
1396601400,20.0,0
1396601700,20.0,0
1396602000,68.0,0
1396602300,68.0,0
1396602600,68.0,0
1396602900,68.0,0
1396603200,68.0,0
1396603500,68.0,0
1396603800,68.0,0
1396604100,68.0,0
1396604400,68.0,0
1396604700,68.0,0
1396605000,68.0,0
1396605300,68.0,0
1396605600,77.6,0
1396605900,77.6,0
1396606200,77.6,0
1396606500,77.6,0
1396606800,77.6,0
1396607100,77.6,0
1396607400,77.6,0
1396607700,77.6,0
1396608000,77.6,0
1396608300,77.6,0
1396608600,77.6,0
1396608900,77.6,0
1396609200,79.52,0
1396609500,79.52,0
1396609800,79.52,0
1396610100,79.52,0
1396610400,79.52,0
1396610700,79.52,0
1396611000,79.52,0
1396611300,79.52,0
1396611600,79.52,0
1396611900,79.52,0
1396612200,79.52,0
1396612500,79.52,0
1396612800,79.904,0
1396613100,79.904,0
1396613400,79.904,0
1396613700,79.904,0
1396614000,79.904,0
1396614300,79.904,0
1396614600,79.904,0
1396614900,79.904,0
1396615200,79.904,0
1396615500,79.904,0
1396615800,79.904,0
1396616100,79.904,0
1396616400,79.9808,0
1396616700,79.9808,0
1396617000,79.9808,0
1396617300,79.9808,0
1396617600,79.9808,0
1396617900,79.9808,0
1396618200,79.9808,0
1396618500,79.9808,0
1396618800,79.9808,0
1396619100,79.9808,0
1396619400,79.9808,0
1396619700,79.9808,0
1396620000,79.99616,0
1396620300,79.99616,0
1396620600,79.99616,0
1396620900,79.99616,0
1396621200,79.99616,0
1396621500,79.99616,0
1396621800,79.99616,0
1396622100,79.99616,0
1396622400,79.99616,0
1396622700,79.99616,0
1396623000,79.99616,0
1396623300,79.99616,0
1396623600,79.99923199999998,0
1396623900,79.99923199999998,0
1396624200,79.99923199999998,0
1396624500,79.99923199999998,0
1396624800,79.99923199999998,0
1396625100,79.99923199999998,0
1396625400,79.99923199999998,0
1396625700,79.99923199999998,0
1396626000,79.99923199999998,0
1396626300,79.99923199999998,0
1396626600,79.99923199999998,0
1396626900,79.99923199999998,0
1396627200,79.99984640000002,0
1396627500,79.99984640000002,0
1396627800,79.99984640000002,0
1396628100,79.99984640000002,0
1396628400,79.99984640000002,0
1396628700,79.99984640000002,0
1396629000,79.99984640000002,0
1396629300,79.99984640000002,0
1396629600,79.99984640000002,0
1396629900,79.99984640000002,0
1396630200,79.99984640000002,0
1396630500,79.99984640000002,0
1396630800,79.99996928,0
1396631100,79.99996928,0
1396631400,79.99996928,0
1396631700,79.99996928,0
1396632000,79.99996928,0
1396632300,79.99996928,0
1396632600,79.99996928,0
1396632900,79.99996928,0
1396633200,79.99996928,0
1396633500,79.99996928,0
1396633800,79.99996928,0
1396634100,79.99996928,0
1396634400,31.999993856,0
1396634700,31.999993856,0
1396635000,31.999993856,0
1396635300,31.999993856,0
1396635600,31.999993856,0
1396635900,31.999993856,0
1396636200,31.999993856,0
1396636500,31.999993856,0
1396636800,31.999993856,0
1396637100,31.999993856,0
1396637400,31.999993856,0
1396637700,31.999993856,0
1396638000,22.3999987712,0
1396638300,22.3999987712,0
1396638600,22.3999987712,0
1396638900,22.3999987712,0
1396639200,22.3999987712,0
1396639500,22.3999987712,0
1396639800,22.3999987712,0
1396640100,22.3999987712,0
1396640400,22.3999987712,0
1396640700,22.3999987712,0
1396641000,22.3999987712,0
1396641300,22.3999987712,0
1396641600,20.4799997542,0
1396641900,20.4799997542,0
1396642200,20.4799997542,0
1396642500,20.4799997542,0
1396642800,20.4799997542,0
1396643100,20.4799997542,0
1396643400,20.4799997542,0
1396643700,20.4799997542,0
1396644000,20.4799997542,0
1396644300,20.4799997542,0
1396644600,20.4799997542,0
1396644900,20.4799997542,0
1396645200,20.0959999508,0
1396645500,20.0959999508,0
1396645800,20.0959999508,0
1396646100,20.0959999508,0
1396646400,20.0959999508,0
1396646700,20.0959999508,0
1396647000,20.0959999508,0
1396647300,20.0959999508,0
1396647600,20.0959999508,0
1396647900,20.0959999508,0
1396648200,20.0959999508,0
1396648500,20.0959999508,0
1396648800,20.0191999902,0
1396649100,20.0191999902,0
1396649400,20.0191999902,0
1396649700,20.0191999902,0
1396650000,20.0191999902,0
1396650300,20.0191999902,0
1396650600,20.0191999902,0
1396650900,20.0191999902,0
1396651200,20.0191999902,0
1396651500,20.0191999902,0
1396651800,20.0191999902,0
1396652100,20.0191999902,0
1396652400,20.003839998,0
1396652700,20.003839998,0
1396653000,20.003839998,0
1396653300,20.003839998,0
1396653600,20.003839998,0
1396653900,20.003839998,0
1396654200,20.003839998,0
1396654500,20.003839998,0
1396654800,20.003839998,0
1396655100,20.003839998,0
1396655400,20.003839998,0
1396655700,20.003839998,0
1396656000,20.0,0
1396656300,20.0,0
1396656600,20.0,0
1396656900,20.0,0
1396657200,20.0,0
1396657500,20.0,0
1396657800,20.0,0
1396658100,20.0,0
1396658400,20.0,0
1396658700,20.0,0
1396659000,20.0,0
1396659300,20.0,0
1396659600,20.0,0
1396659900,20.0,0
1396660200,20.0,0
1396660500,20.0,0
1396660800,20.0,0
1396661100,20.0,0
1396661400,20.0,0
1396661700,20.0,0
1396662000,20.0,0
1396662300,20.0,0
1396662600,20.0,0
1396662900,20.0,0
1396663200,20.0,0
1396663500,20.0,0
1396663800,20.0,0
1396664100,20.0,0
1396664400,20.0,0
1396664700,20.0,0
1396665000,20.0,0
1396665300,20.0,0
1396665600,20.0,0
1396665900,20.0,0
1396666200,20.0,0
1396666500,20.0,0
1396666800,20.0,0
1396667100,20.0,0
1396667400,20.0,0
1396667700,20.0,0
1396668000,20.0,0
1396668300,20.0,0
1396668600,20.0,0
1396668900,20.0,0
1396669200,20.0,0
1396669500,20.0,0
1396669800,20.0,0
1396670100,20.0,0
1396670400,20.0,0
1396670700,20.0,0
1396671000,20.0,0
1396671300,20.0,0
1396671600,20.0,0
1396671900,20.0,0
1396672200,20.0,0
1396672500,20.0,0
1396672800,20.0,0
1396673100,20.0,0
1396673400,20.0,0
1396673700,20.0,0
1396674000,20.0,0
1396674300,20.0,0
1396674600,20.0,0
1396674900,20.0,0
1396675200,20.0,0
1396675500,20.0,0
1396675800,20.0,0
1396676100,20.0,0
1396676400,20.0,0
1396676700,20.0,0
1396677000,20.0,0
1396677300,20.0,0
1396677600,20.0,0
1396677900,20.0,0
1396678200,20.0,0
1396678500,20.0,0
1396678800,20.0,0
1396679100,20.0,0
1396679400,20.0,0
1396679700,20.0,0
1396680000,20.0,0
1396680300,20.0,0
1396680600,20.0,0
1396680900,20.0,0
1396681200,20.0,0
1396681500,20.0,0
1396681800,20.0,0
1396682100,20.0,0
1396682400,20.0,0
1396682700,20.0,0
1396683000,20.0,0
1396683300,20.0,0
1396683600,20.0,0
1396683900,20.0,0
1396684200,20.0,0
1396684500,20.0,0
1396684800,20.0,0
1396685100,20.0,0
1396685400,20.0,0
1396685700,20.0,0
1396686000,20.0,0
1396686300,20.0,0
1396686600,20.0,0
1396686900,20.0,0
1396687200,20.0,0
1396687500,20.0,0
1396687800,20.0,0
1396688100,20.0,0
1396688400,68.0,0
1396688700,68.0,0
1396689000,68.0,0
1396689300,68.0,0
1396689600,68.0,0
1396689900,68.0,0
1396690200,68.0,0
1396690500,68.0,0
1396690800,68.0,0
1396691100,68.0,0
1396691400,68.0,0
1396691700,68.0,0
1396692000,77.6,0
1396692300,77.6,0
1396692600,77.6,0
1396692900,77.6,0
1396693200,77.6,0
1396693500,77.6,0
1396693800,77.6,0
1396694100,77.6,0
1396694400,77.6,0
1396694700,77.6,0
1396695000,77.6,0
1396695300,77.6,0
1396695600,79.52,0
1396695900,79.52,0
1396696200,79.52,0
1396696500,79.52,0
1396696800,79.52,0
1396697100,79.52,0
1396697400,79.52,0
1396697700,79.52,0
1396698000,79.52,0
1396698300,79.52,0
1396698600,79.52,0
1396698900,79.52,0
1396699200,79.904,0
1396699500,79.904,0
1396699800,79.904,0
1396700100,79.904,0
1396700400,79.904,0
1396700700,79.904,0
1396701000,79.904,0
1396701300,79.904,0
1396701600,79.904,0
1396701900,79.904,0
1396702200,79.904,0
1396702500,79.904,0
1396702800,79.9808,0
1396703100,79.9808,0
1396703400,79.9808,0
1396703700,79.9808,0
1396704000,79.9808,0
1396704300,79.9808,0
1396704600,79.9808,0
1396704900,79.9808,0
1396705200,79.9808,0
1396705500,79.9808,0
1396705800,79.9808,0
1396706100,79.9808,0
1396706400,79.99616,0
1396706700,79.99616,0
1396707000,79.99616,0
1396707300,79.99616,0
1396707600,79.99616,0
1396707900,79.99616,0
1396708200,79.99616,0
1396708500,79.99616,0
1396708800,79.99616,0
1396709100,79.99616,0
1396709400,79.99616,0
1396709700,79.99616,0
1396710000,79.99923199999998,0
1396710300,79.99923199999998,0
1396710600,79.99923199999998,0
1396710900,79.99923199999998,0
1396711200,79.99923199999998,0
1396711500,79.99923199999998,0
1396711800,79.99923199999998,0
1396712100,79.99923199999998,0
1396712400,79.99923199999998,0
1396712700,79.99923199999998,0
1396713000,79.99923199999998,0
1396713300,79.99923199999998,0
1396713600,79.99984640000002,0
1396713900,79.99984640000002,0
1396714200,79.99984640000002,0
1396714500,79.99984640000002,0
1396714800,79.99984640000002,0
1396715100,79.99984640000002,0
1396715400,79.99984640000002,0
1396715700,79.99984640000002,0
1396716000,79.99984640000002,0
1396716300,79.99984640000002,0
1396716600,79.99984640000002,0
1396716900,79.99984640000002,0
1396717200,79.99996928,0
1396717500,79.99996928,0
1396717800,79.99996928,0
1396718100,79.99996928,0
1396718400,79.99996928,0
1396718700,79.99996928,0
1396719000,79.99996928,0
1396719300,79.99996928,0
1396719600,79.99996928,0
1396719900,79.99996928,0
1396720200,79.99996928,0
1396720500,79.99996928,0
1396720800,31.999993856,0
1396721100,31.999993856,0
1396721400,31.999993856,0
1396721700,31.999993856,0
1396722000,31.999993856,0
1396722300,31.999993856,0
1396722600,31.999993856,0
1396722900,31.999993856,0
1396723200,31.999993856,0
1396723500,31.999993856,0
1396723800,31.999993856,0
1396724100,31.999993856,0
1396724400,22.3999987712,0
1396724700,22.3999987712,0
1396725000,22.3999987712,0
1396725300,22.3999987712,0
1396725600,22.3999987712,0
1396725900,22.3999987712,0
1396726200,22.3999987712,0
1396726500,22.3999987712,0
1396726800,22.3999987712,0
1396727100,22.3999987712,0
1396727400,22.3999987712,0
1396727700,22.3999987712,0
1396728000,20.4799997542,0
1396728300,20.4799997542,0
1396728600,20.4799997542,0
1396728900,20.4799997542,0
1396729200,20.4799997542,0
1396729500,20.4799997542,0
1396729800,20.4799997542,0
1396730100,20.4799997542,0
1396730400,20.4799997542,0
1396730700,20.4799997542,0
1396731000,20.4799997542,0
1396731300,20.4799997542,0
1396731600,20.0959999508,0
1396731900,20.0959999508,0
1396732200,20.0959999508,0
1396732500,20.0959999508,0
1396732800,20.0959999508,0
1396733100,20.0959999508,0
1396733400,20.0959999508,0
1396733700,20.0959999508,0
1396734000,20.0959999508,0
1396734300,20.0959999508,0
1396734600,20.0959999508,0
1396734900,20.0959999508,0
1396735200,20.0191999902,0
1396735500,20.0191999902,0
1396735800,20.0191999902,0
1396736100,20.0191999902,0
1396736400,20.0191999902,0
1396736700,20.0191999902,0
1396737000,20.0191999902,0
1396737300,20.0191999902,0
1396737600,20.0191999902,0
1396737900,20.0191999902,0
1396738200,20.0191999902,0
1396738500,20.0191999902,0
1396738800,20.003839998,0
1396739100,20.003839998,0
1396739400,20.003839998,0
1396739700,20.003839998,0
1396740000,20.003839998,0
1396740300,20.003839998,0
1396740600,20.003839998,0
1396740900,20.003839998,0
1396741200,20.003839998,0
1396741500,20.003839998,0
1396741800,20.003839998,0
1396742100,20.003839998,0
1396742400,20.0,0
1396742700,20.0,0
1396743000,20.0,0
1396743300,20.0,0
1396743600,20.0,0
1396743900,20.0,0
1396744200,20.0,0
1396744500,20.0,0
1396744800,20.0,0
1396745100,20.0,0
1396745400,20.0,0
1396745700,20.0,0
1396746000,20.0,0
1396746300,20.0,0
1396746600,20.0,0
1396746900,20.0,0
1396747200,20.0,0
1396747500,20.0,0
1396747800,20.0,0
1396748100,20.0,0
1396748400,20.0,0
1396748700,20.0,0
1396749000,20.0,0
1396749300,20.0,0
1396749600,20.0,0
1396749900,20.0,0
1396750200,20.0,0
1396750500,20.0,0
1396750800,20.0,0
1396751100,20.0,0
1396751400,20.0,0
1396751700,20.0,0
1396752000,20.0,0
1396752300,20.0,0
1396752600,20.0,0
1396752900,20.0,0
1396753200,20.0,0
1396753500,20.0,0
1396753800,20.0,0
1396754100,20.0,0
1396754400,20.0,0
1396754700,20.0,0
1396755000,20.0,0
1396755300,20.0,0
1396755600,20.0,0
1396755900,20.0,0
1396756200,20.0,0
1396756500,20.0,0
1396756800,20.0,0
1396757100,20.0,0
1396757400,20.0,0
1396757700,20.0,0
1396758000,20.0,0
1396758300,20.0,0
1396758600,20.0,0
1396758900,20.0,0
1396759200,20.0,0
1396759500,20.0,0
1396759800,20.0,0
1396760100,20.0,0
1396760400,20.0,0
1396760700,20.0,0
1396761000,20.0,0
1396761300,20.0,0
1396761600,20.0,0
1396761900,20.0,0
1396762200,20.0,0
1396762500,20.0,0
1396762800,20.0,0
1396763100,20.0,0
1396763400,20.0,0
1396763700,20.0,0
1396764000,20.0,0
1396764300,20.0,0
1396764600,20.0,0
1396764900,20.0,0
1396765200,20.0,0
1396765500,20.0,0
1396765800,20.0,0
1396766100,20.0,0
1396766400,20.0,0
1396766700,20.0,0
1396767000,20.0,0
1396767300,20.0,0
1396767600,20.0,0
1396767900,20.0,0
1396768200,20.0,0
1396768500,20.0,0
1396768800,20.0,0
1396769100,20.0,0
1396769400,20.0,0
1396769700,20.0,0
1396770000,20.0,0
1396770300,20.0,0
1396770600,20.0,0
1396770900,20.0,0
1396771200,20.0,0
1396771500,20.0,0
1396771800,20.0,0
1396772100,20.0,0
1396772400,20.0,0
1396772700,20.0,0
1396773000,20.0,0
1396773300,20.0,0
1396773600,20.0,0
1396773900,20.0,0
1396774200,20.0,0
1396774500,20.0,0
1396774800,68.0,0
1396775100,68.0,0
1396775400,68.0,0
1396775700,68.0,0
1396776000,68.0,0
1396776300,68.0,0
1396776600,68.0,0
1396776900,68.0,0
1396777200,68.0,0
1396777500,68.0,0
1396777800,68.0,0
1396778100,68.0,0
1396778400,77.6,0
1396778700,77.6,0
1396779000,77.6,0
1396779300,77.6,0
1396779600,77.6,0
1396779900,77.6,0
1396780200,77.6,0
1396780500,77.6,0
1396780800,77.6,0
1396781100,77.6,0
1396781400,77.6,0
1396781700,77.6,0
1396782000,79.52,0
1396782300,79.52,0
1396782600,79.52,0
1396782900,79.52,0
1396783200,79.52,0
1396783500,79.52,0
1396783800,79.52,0
1396784100,79.52,0
1396784400,79.52,0
1396784700,79.52,0
1396785000,79.52,0
1396785300,79.52,0
1396785600,79.904,0
1396785900,79.904,0
1396786200,79.904,0
1396786500,79.904,0
1396786800,79.904,0
1396787100,79.904,0
1396787400,79.904,0
1396787700,79.904,0
1396788000,79.904,0
1396788300,79.904,0
1396788600,79.904,0
1396788900,79.904,0
1396789200,79.9808,0
1396789500,79.9808,0
1396789800,79.9808,0
1396790100,79.9808,0
1396790400,79.9808,0
1396790700,79.9808,0
1396791000,79.9808,0
1396791300,79.9808,0
1396791600,79.9808,0
1396791900,79.9808,0
1396792200,79.9808,0
1396792500,79.9808,0
1396792800,79.99616,0
1396793100,79.99616,0
1396793400,79.99616,0
1396793700,79.99616,0
1396794000,79.99616,0
1396794300,79.99616,0
1396794600,79.99616,0
1396794900,79.99616,0
1396795200,79.99616,0
1396795500,79.99616,0
1396795800,79.99616,0
1396796100,79.99616,0
1396796400,79.99923199999998,0
1396796700,79.99923199999998,0
1396797000,79.99923199999998,0
1396797300,79.99923199999998,0
1396797600,79.99923199999998,0
1396797900,79.99923199999998,0
1396798200,79.99923199999998,0
1396798500,79.99923199999998,0
1396798800,79.99923199999998,0
1396799100,79.99923199999998,0
1396799400,79.99923199999998,0
1396799700,79.99923199999998,0
1396800000,79.99984640000002,0
1396800300,79.99984640000002,0
1396800600,79.99984640000002,0
1396800900,79.99984640000002,0
1396801200,79.99984640000002,0
1396801500,79.99984640000002,0
1396801800,79.99984640000002,0
1396802100,79.99984640000002,0
1396802400,79.99984640000002,0
1396802700,79.99984640000002,0
1396803000,79.99984640000002,0
1396803300,79.99984640000002,0
1396803600,79.99996928,0
1396803900,79.99996928,0
1396804200,79.99996928,0
1396804500,79.99996928,0
1396804800,79.99996928,0
1396805100,79.99996928,0
1396805400,79.99996928,0
1396805700,79.99996928,0
1396806000,79.99996928,0
1396806300,79.99996928,0
1396806600,79.99996928,0
1396806900,79.99996928,0
1396807200,31.999993856,0
1396807500,31.999993856,0
1396807800,31.999993856,0
1396808100,31.999993856,0
1396808400,31.999993856,0
1396808700,31.999993856,0
1396809000,31.999993856,0
1396809300,31.999993856,0
1396809600,31.999993856,0
1396809900,31.999993856,0
1396810200,31.999993856,0
1396810500,31.999993856,0
1396810800,22.3999987712,0
1396811100,22.3999987712,0
1396811400,22.3999987712,0
1396811700,22.3999987712,0
1396812000,22.3999987712,0
1396812300,22.3999987712,0
1396812600,22.3999987712,0
1396812900,22.3999987712,0
1396813200,22.3999987712,0
1396813500,22.3999987712,0
1396813800,22.3999987712,0
1396814100,22.3999987712,0
1396814400,20.4799997542,0
1396814700,20.4799997542,0
1396815000,20.4799997542,0
1396815300,20.4799997542,0
1396815600,20.4799997542,0
1396815900,20.4799997542,0
1396816200,20.4799997542,0
1396816500,20.4799997542,0
1396816800,20.4799997542,0
1396817100,20.4799997542,0
1396817400,20.4799997542,0
1396817700,20.4799997542,0
1396818000,20.0959999508,0
1396818300,20.0959999508,0
1396818600,20.0959999508,0
1396818900,20.0959999508,0
1396819200,20.0959999508,0
1396819500,20.0959999508,0
1396819800,20.0959999508,0
1396820100,20.0959999508,0
1396820400,20.0959999508,0
1396820700,20.0959999508,0
1396821000,20.0959999508,0
1396821300,20.0959999508,0
1396821600,20.0191999902,0
1396821900,20.0191999902,0
1396822200,20.0191999902,0
1396822500,20.0191999902,0
1396822800,20.0191999902,0
1396823100,20.0191999902,0
1396823400,20.0191999902,0
1396823700,20.0191999902,0
1396824000,20.0191999902,0
1396824300,20.0191999902,0
1396824600,20.0191999902,0
1396824900,20.0191999902,0
1396825200,20.003839998,0
1396825500,20.003839998,0
1396825800,20.003839998,0
1396826100,20.003839998,0
1396826400,20.003839998,0
1396826700,20.003839998,0
1396827000,20.003839998,0
1396827300,20.003839998,0
1396827600,20.003839998,0
1396827900,20.003839998,0
1396828200,20.003839998,0
1396828500,20.003839998,0
1396828800,20.0,0
1396829100,20.0,0
1396829400,20.0,0
1396829700,20.0,0
1396830000,20.0,0
1396830300,20.0,0
1396830600,20.0,0
1396830900,20.0,0
1396831200,20.0,0
1396831500,20.0,0
1396831800,20.0,0
1396832100,20.0,0
1396832400,20.0,0
1396832700,20.0,0
1396833000,20.0,0
1396833300,20.0,0
1396833600,20.0,0
1396833900,20.0,0
1396834200,20.0,0
1396834500,20.0,0
1396834800,20.0,0
1396835100,20.0,0
1396835400,20.0,0
1396835700,20.0,0
1396836000,20.0,0
1396836300,20.0,0
1396836600,20.0,0
1396836900,20.0,0
1396837200,20.0,0
1396837500,20.0,0
1396837800,20.0,0
1396838100,20.0,0
1396838400,20.0,0
1396838700,20.0,0
1396839000,20.0,0
1396839300,20.0,0
1396839600,20.0,0
1396839900,20.0,0
1396840200,20.0,0
1396840500,20.0,0
1396840800,20.0,0
1396841100,20.0,0
1396841400,20.0,0
1396841700,20.0,0
1396842000,20.0,0
1396842300,20.0,0
1396842600,20.0,0
1396842900,20.0,0
1396843200,20.0,0
1396843500,20.0,0
1396843800,20.0,0
1396844100,20.0,0
1396844400,20.0,0
1396844700,20.0,0
1396845000,20.0,0
1396845300,20.0,0
1396845600,20.0,0
1396845900,20.0,0
1396846200,20.0,0
1396846500,20.0,0
1396846800,20.0,0
1396847100,20.0,0
1396847400,20.0,0
1396847700,20.0,0
1396848000,20.0,0
1396848300,20.0,0
1396848600,20.0,0
1396848900,20.0,0
1396849200,20.0,0
1396849500,20.0,0
1396849800,20.0,0
1396850100,20.0,0
1396850400,20.0,0
1396850700,20.0,0
1396851000,20.0,0
1396851300,20.0,0
1396851600,20.0,0
1396851900,20.0,0
1396852200,20.0,0
1396852500,20.0,0
1396852800,20.0,0
1396853100,20.0,0
1396853400,20.0,0
1396853700,20.0,0
1396854000,20.0,0
1396854300,20.0,0
1396854600,20.0,0
1396854900,20.0,0
1396855200,20.0,0
1396855500,20.0,0
1396855800,20.0,0
1396856100,20.0,0
1396856400,20.0,0
1396856700,20.0,0
1396857000,20.0,0
1396857300,20.0,0
1396857600,20.0,0
1396857900,20.0,0
1396858200,20.0,0
1396858500,20.0,0
1396858800,20.0,0
1396859100,20.0,0
1396859400,20.0,0
1396859700,20.0,0
1396860000,20.0,0
1396860300,20.0,0
1396860600,20.0,0
1396860900,20.0,0
1396861200,68.0,0
1396861500,68.0,0
1396861800,68.0,0
1396862100,68.0,0
1396862400,68.0,0
1396862700,68.0,0
1396863000,68.0,0
1396863300,68.0,0
1396863600,68.0,0
1396863900,68.0,0
1396864200,68.0,0
1396864500,68.0,0
1396864800,77.6,0
1396865100,77.6,0
1396865400,77.6,0
1396865700,77.6,0
1396866000,77.6,0
1396866300,77.6,0
1396866600,77.6,0
1396866900,77.6,0
1396867200,77.6,0
1396867500,77.6,0
1396867800,77.6,0
1396868100,77.6,0
1396868400,79.52,0
1396868700,79.52,0
1396869000,79.52,0
1396869300,79.52,0
1396869600,79.52,0
1396869900,79.52,0
1396870200,79.52,0
1396870500,79.52,0
1396870800,79.52,0
1396871100,79.52,0
1396871400,79.52,0
1396871700,79.52,0
1396872000,79.904,0
1396872300,79.904,0
1396872600,79.904,0
1396872900,79.904,0
1396873200,79.904,0
1396873500,79.904,0
1396873800,79.904,0
1396874100,79.904,0
1396874400,79.904,0
1396874700,79.904,0
1396875000,79.904,0
1396875300,79.904,0
1396875600,79.9808,0
1396875900,79.9808,0
1396876200,79.9808,0
1396876500,79.9808,0
1396876800,79.9808,0
1396877100,79.9808,0
1396877400,79.9808,0
1396877700,79.9808,0
1396878000,79.9808,0
1396878300,79.9808,0
1396878600,79.9808,0
1396878900,79.9808,0
1396879200,79.99616,0
1396879500,79.99616,0
1396879800,79.99616,0
1396880100,79.99616,0
1396880400,79.99616,0
1396880700,79.99616,0
1396881000,79.99616,0
1396881300,79.99616,0
1396881600,79.99616,0
1396881900,79.99616,0
1396882200,79.99616,0
1396882500,79.99616,0
1396882800,79.99923199999998,0
1396883100,79.99923199999998,0
1396883400,79.99923199999998,0
1396883700,79.99923199999998,0
1396884000,79.99923199999998,0
1396884300,79.99923199999998,0
1396884600,79.99923199999998,0
1396884900,79.99923199999998,0
1396885200,79.99923199999998,0
1396885500,79.99923199999998,0
1396885800,79.99923199999998,0
1396886100,79.99923199999998,0
1396886400,79.99984640000002,0
1396886700,79.99984640000002,0
1396887000,79.99984640000002,0
1396887300,79.99984640000002,0
1396887600,79.99984640000002,0
1396887900,79.99984640000002,0
1396888200,79.99984640000002,0
1396888500,79.99984640000002,0
1396888800,79.99984640000002,0
1396889100,79.99984640000002,0
1396889400,79.99984640000002,0
1396889700,79.99984640000002,0
1396890000,79.99996928,0
1396890300,79.99996928,0
1396890600,79.99996928,0
1396890900,79.99996928,0
1396891200,79.99996928,0
1396891500,79.99996928,0
1396891800,79.99996928,0
1396892100,79.99996928,0
1396892400,79.99996928,0
1396892700,79.99996928,0
1396893000,79.99996928,0
1396893300,79.99996928,0
1396893600,31.999993856,0
1396893900,31.999993856,0
1396894200,31.999993856,0
1396894500,31.999993856,0
1396894800,31.999993856,0
1396895100,31.999993856,0
1396895400,31.999993856,0
1396895700,31.999993856,0
1396896000,31.999993856,0
1396896300,31.999993856,0
1396896600,31.999993856,0
1396896900,31.999993856,0
1396897200,22.3999987712,0
1396897500,22.3999987712,0
1396897800,22.3999987712,0
1396898100,22.3999987712,0
1396898400,22.3999987712,0
1396898700,22.3999987712,0
1396899000,22.3999987712,0
1396899300,22.3999987712,0
1396899600,22.3999987712,0
1396899900,22.3999987712,0
1396900200,22.3999987712,0
1396900500,22.3999987712,0
1396900800,20.4799997542,0
1396901100,20.4799997542,0
1396901400,20.4799997542,0
1396901700,20.4799997542,0
1396902000,20.4799997542,0
1396902300,20.4799997542,0
1396902600,20.4799997542,0
1396902900,20.4799997542,0
1396903200,20.4799997542,0
1396903500,20.4799997542,0
1396903800,20.4799997542,0
1396904100,20.4799997542,0
1396904400,20.0959999508,0
1396904700,20.0959999508,0
1396905000,20.0959999508,0
1396905300,20.0959999508,0
1396905600,20.0959999508,0
1396905900,20.0959999508,0
1396906200,20.0959999508,0
1396906500,20.0959999508,0
1396906800,20.0959999508,0
1396907100,20.0959999508,0
1396907400,20.0959999508,0
1396907700,20.0959999508,0
1396908000,20.0191999902,0
1396908300,20.0191999902,0
1396908600,20.0191999902,0
1396908900,20.0191999902,0
1396909200,20.0191999902,0
1396909500,20.0191999902,0
1396909800,20.0191999902,0
1396910100,20.0191999902,0
1396910400,20.0191999902,0
1396910700,20.0191999902,0
1396911000,20.0191999902,0
1396911300,20.0191999902,0
1396911600,20.003839998,0
1396911900,20.003839998,0
1396912200,20.003839998,0
1396912500,20.003839998,0
1396912800,20.003839998,0
1396913100,20.003839998,0
1396913400,20.003839998,0
1396913700,20.003839998,0
1396914000,20.003839998,0
1396914300,20.003839998,0
1396914600,20.003839998,0
1396914900,20.003839998,0
1396915200,20.0,0
1396915500,20.0,0
1396915800,20.0,0
1396916100,20.0,0
1396916400,20.0,0
1396916700,20.0,0
1396917000,20.0,0
1396917300,20.0,0
1396917600,20.0,0
1396917900,20.0,0
1396918200,20.0,0
1396918500,20.0,0
1396918800,20.0,0
1396919100,20.0,0
1396919400,20.0,0
1396919700,20.0,0
1396920000,20.0,0
1396920300,20.0,0
1396920600,20.0,0
1396920900,20.0,0
1396921200,20.0,0
1396921500,20.0,0
1396921800,20.0,0
1396922100,20.0,0
1396922400,20.0,0
1396922700,20.0,0
1396923000,20.0,0
1396923300,20.0,0
1396923600,20.0,0
1396923900,20.0,0
1396924200,20.0,0
1396924500,20.0,0
1396924800,20.0,0
1396925100,20.0,0
1396925400,20.0,0
1396925700,20.0,0
1396926000,20.0,0
1396926300,20.0,0
1396926600,20.0,0
1396926900,20.0,0
1396927200,20.0,0
1396927500,20.0,0
1396927800,20.0,0
1396928100,20.0,0
1396928400,20.0,0
1396928700,20.0,0
1396929000,20.0,0
1396929300,20.0,0
1396929600,20.0,0
1396929900,20.0,0
1396930200,20.0,0
1396930500,20.0,0
1396930800,20.0,0
1396931100,20.0,0
1396931400,20.0,0
1396931700,20.0,0
1396932000,20.0,0
1396932300,20.0,0
1396932600,20.0,0
1396932900,20.0,0
1396933200,20.0,0
1396933500,20.0,0
1396933800,20.0,0
1396934100,20.0,0
1396934400,20.0,0
1396934700,20.0,0
1396935000,20.0,0
1396935300,20.0,0
1396935600,20.0,0
1396935900,20.0,0
1396936200,20.0,0
1396936500,20.0,0
1396936800,20.0,0
1396937100,20.0,0
1396937400,20.0,0
1396937700,20.0,0
1396938000,20.0,0
1396938300,20.0,0
1396938600,20.0,0
1396938900,20.0,0
1396939200,20.0,0
1396939500,20.0,0
1396939800,20.0,0
1396940100,20.0,0
1396940400,20.0,0
1396940700,20.0,0
1396941000,20.0,0
1396941300,20.0,0
1396941600,20.0,0
1396941900,20.0,0
1396942200,20.0,0
1396942500,20.0,0
1396942800,20.0,0
1396943100,20.0,0
1396943400,20.0,0
1396943700,20.0,0
1396944000,20.0,0
1396944300,20.0,0
1396944600,20.0,0
1396944900,20.0,0
1396945200,20.0,0
1396945500,20.0,0
1396945800,20.0,0
1396946100,20.0,0
1396946400,20.0,0
1396946700,20.0,0
1396947000,20.0,0
1396947300,20.0,0
1396947600,68.0,0
1396947900,68.0,0
1396948200,68.0,0
1396948500,68.0,0
1396948800,68.0,0
1396949100,68.0,0
1396949400,68.0,0
1396949700,68.0,0
1396950000,68.0,0
1396950300,68.0,0
1396950600,68.0,0
1396950900,68.0,0
1396951200,77.6,0
1396951500,77.6,0
1396951800,77.6,0
1396952100,77.6,0
1396952400,77.6,0
1396952700,77.6,0
1396953000,77.6,0
1396953300,77.6,0
1396953600,77.6,0
1396953900,77.6,0
1396954200,77.6,0
1396954500,77.6,0
1396954800,79.52,0
1396955100,79.52,0
1396955400,79.52,0
1396955700,79.52,0
1396956000,79.52,0
1396956300,79.52,0
1396956600,79.52,0
1396956900,79.52,0
1396957200,79.52,0
1396957500,79.52,0
1396957800,79.52,0
1396958100,79.52,0
1396958400,79.904,0
1396958700,79.904,0
1396959000,79.904,0
1396959300,79.904,0
1396959600,79.904,0
1396959900,79.904,0
1396960200,79.904,0
1396960500,79.904,0
1396960800,79.904,0
1396961100,79.904,0
1396961400,79.904,0
1396961700,79.904,0
1396962000,79.9808,0
1396962300,79.9808,0
1396962600,79.9808,0
1396962900,79.9808,0
1396963200,79.9808,0
1396963500,79.9808,0
1396963800,79.9808,0
1396964100,79.9808,0
1396964400,79.9808,0
1396964700,79.9808,0
1396965000,79.9808,0
1396965300,79.9808,0
1396965600,79.99616,0
1396965900,79.99616,0
1396966200,79.99616,0
1396966500,79.99616,0
1396966800,79.99616,0
1396967100,79.99616,0
1396967400,79.99616,0
1396967700,79.99616,0
1396968000,79.99616,0
1396968300,79.99616,0
1396968600,79.99616,0
1396968900,79.99616,0
1396969200,79.99923199999998,0
1396969500,79.99923199999998,0
1396969800,79.99923199999998,0
1396970100,79.99923199999998,0
1396970400,79.99923199999998,0
1396970700,79.99923199999998,0
1396971000,79.99923199999998,0
1396971300,79.99923199999998,0
1396971600,79.99923199999998,0
1396971900,79.99923199999998,0
1396972200,79.99923199999998,0
1396972500,79.99923199999998,0
1396972800,79.99984640000002,0
1396973100,79.99984640000002,0
1396973400,79.99984640000002,0
1396973700,79.99984640000002,0
1396974000,79.99984640000002,0
1396974300,79.99984640000002,0
1396974600,79.99984640000002,0
1396974900,79.99984640000002,0
1396975200,79.99984640000002,0
1396975500,79.99984640000002,0
1396975800,79.99984640000002,0
1396976100,79.99984640000002,0
1396976400,79.99996928,0
1396976700,79.99996928,0
1396977000,79.99996928,0
1396977300,79.99996928,0
1396977600,79.99996928,0
1396977900,79.99996928,0
1396978200,79.99996928,0
1396978500,79.99996928,0
1396978800,79.99996928,0
1396979100,79.99996928,0
1396979400,79.99996928,0
1396979700,79.99996928,0
1396980000,31.999993856,0
1396980300,31.999993856,0
1396980600,31.999993856,0
1396980900,31.999993856,0
1396981200,31.999993856,0
1396981500,31.999993856,0
1396981800,31.999993856,0
1396982100,31.999993856,0
1396982400,31.999993856,0
1396982700,31.999993856,0
1396983000,31.999993856,0
1396983300,31.999993856,0
1396983600,22.3999987712,0
1396983900,22.3999987712,0
1396984200,22.3999987712,0
1396984500,22.3999987712,0
1396984800,22.3999987712,0
1396985100,22.3999987712,0
1396985400,22.3999987712,0
1396985700,22.3999987712,0
1396986000,22.3999987712,0
1396986300,22.3999987712,0
1396986600,22.3999987712,0
1396986900,22.3999987712,0
1396987200,20.4799997542,0
1396987500,20.4799997542,0
1396987800,20.4799997542,0
1396988100,20.4799997542,0
1396988400,20.4799997542,0
1396988700,20.4799997542,0
1396989000,20.4799997542,0
1396989300,20.4799997542,0
1396989600,20.4799997542,0
1396989900,20.4799997542,0
1396990200,20.4799997542,0
1396990500,20.4799997542,0
1396990800,20.0959999508,0
1396991100,20.0959999508,0
1396991400,20.0959999508,0
1396991700,20.0959999508,0
1396992000,20.0959999508,0
1396992300,20.0959999508,0
1396992600,20.0959999508,0
1396992900,20.0959999508,0
1396993200,20.0959999508,0
1396993500,20.0959999508,0
1396993800,20.0959999508,0
1396994100,20.0959999508,0
1396994400,20.0191999902,0
1396994700,20.0191999902,0
1396995000,20.0191999902,0
1396995300,20.0191999902,0
1396995600,20.0191999902,0
1396995900,20.0191999902,0
1396996200,20.0191999902,0
1396996500,20.0191999902,0
1396996800,20.0191999902,0
1396997100,20.0191999902,0
1396997400,20.0191999902,0
1396997700,20.0191999902,0
1396998000,20.003839998,0
1396998300,20.003839998,0
1396998600,20.003839998,0
1396998900,20.003839998,0
1396999200,20.003839998,0
1396999500,20.003839998,0
1396999800,20.003839998,0
1397000100,20.003839998,0
1397000400,20.003839998,0
1397000700,20.003839998,0
1397001000,20.003839998,0
1397001300,20.003839998,0
1397001600,20.0,0
1397001900,20.0,0
1397002200,20.0,0
1397002500,20.0,0
1397002800,20.0,0
1397003100,20.0,0
1397003400,20.0,0
1397003700,20.0,0
1397004000,20.0,0
1397004300,20.0,0
1397004600,20.0,0
1397004900,20.0,0
1397005200,20.0,0
1397005500,20.0,0
1397005800,20.0,0
1397006100,20.0,0
1397006400,20.0,0
1397006700,20.0,0
1397007000,20.0,0
1397007300,20.0,0
1397007600,20.0,0
1397007900,20.0,0
1397008200,20.0,0
1397008500,20.0,0
1397008800,20.0,0
1397009100,20.0,0
1397009400,20.0,0
1397009700,20.0,0
1397010000,20.0,0
1397010300,20.0,0
1397010600,20.0,0
1397010900,20.0,0
1397011200,20.0,0
1397011500,20.0,0
1397011800,20.0,0
1397012100,20.0,0
1397012400,20.0,0
1397012700,20.0,0
1397013000,20.0,0
1397013300,20.0,0
1397013600,20.0,0
1397013900,20.0,0
1397014200,20.0,0
1397014500,20.0,0
1397014800,20.0,0
1397015100,20.0,0
1397015400,20.0,0
1397015700,20.0,0
1397016000,20.0,0
1397016300,20.0,0
1397016600,20.0,0
1397016900,20.0,0
1397017200,20.0,0
1397017500,20.0,0
1397017800,20.0,0
1397018100,20.0,0
1397018400,20.0,0
1397018700,20.0,0
1397019000,20.0,0
1397019300,20.0,0
1397019600,20.0,0
1397019900,20.0,0
1397020200,20.0,0
1397020500,20.0,0
1397020800,20.0,0
1397021100,20.0,0
1397021400,20.0,0
1397021700,20.0,0
1397022000,20.0,0
1397022300,20.0,0
1397022600,20.0,0
1397022900,20.0,0
1397023200,20.0,0
1397023500,20.0,0
1397023800,20.0,0
1397024100,20.0,0
1397024400,20.0,0
1397024700,20.0,0
1397025000,20.0,0
1397025300,20.0,0
1397025600,20.0,0
1397025900,20.0,0
1397026200,20.0,0
1397026500,20.0,0
1397026800,20.0,0
1397027100,20.0,0
1397027400,20.0,0
1397027700,20.0,0
1397028000,20.0,0
1397028300,20.0,0
1397028600,20.0,0
1397028900,20.0,0
1397029200,20.0,0
1397029500,20.0,0
1397029800,20.0,0
1397030100,20.0,0
1397030400,20.0,0
1397030700,20.0,0
1397031000,20.0,0
1397031300,20.0,0
1397031600,20.0,0
1397031900,20.0,0
1397032200,20.0,0
1397032500,20.0,0
1397032800,20.0,0
1397033100,20.0,0
1397033400,20.0,0
1397033700,20.0,0
1397034000,68.0,0
1397034300,68.0,0
1397034600,68.0,0
1397034900,68.0,0
1397035200,68.0,0
1397035500,68.0,0
1397035800,68.0,0
1397036100,68.0,0
1397036400,68.0,0
1397036700,68.0,0
1397037000,68.0,0
1397037300,68.0,0
1397037600,77.6,0
1397037900,77.6,0
1397038200,77.6,0
1397038500,77.6,0
1397038800,77.6,0
1397039100,77.6,0
1397039400,77.6,0
1397039700,77.6,0
1397040000,77.6,0
1397040300,77.6,0
1397040600,77.6,0
1397040900,77.6,0
1397041200,79.52,0
1397041500,79.52,0
1397041800,79.52,0
1397042100,79.52,0
1397042400,79.52,0
1397042700,79.52,0
1397043000,79.52,0
1397043300,79.52,0
1397043600,79.52,0
1397043900,79.52,0
1397044200,79.52,0
1397044500,79.52,0
1397044800,79.904,0
1397045100,79.904,0
1397045400,79.904,0
1397045700,79.904,0
1397046000,79.904,0
1397046300,79.904,0
1397046600,79.904,0
1397046900,79.904,0
1397047200,79.904,0
1397047500,79.904,0
1397047800,79.904,0
1397048100,79.904,0
1397048400,79.9808,0
1397048700,79.9808,0
1397049000,79.9808,0
1397049300,79.9808,0
1397049600,79.9808,0
1397049900,79.9808,0
1397050200,79.9808,0
1397050500,79.9808,0
1397050800,79.9808,0
1397051100,79.9808,0
1397051400,79.9808,0
1397051700,79.9808,0
1397052000,79.99616,0
1397052300,79.99616,0
1397052600,79.99616,0
1397052900,79.99616,0
1397053200,79.99616,0
1397053500,79.99616,0
1397053800,79.99616,0
1397054100,79.99616,0
1397054400,79.99616,0
1397054700,79.99616,0
1397055000,79.99616,0
1397055300,79.99616,0
1397055600,79.99923199999998,0
1397055900,79.99923199999998,0
1397056200,79.99923199999998,0
1397056500,79.99923199999998,0
1397056800,79.99923199999998,0
1397057100,79.99923199999998,0
1397057400,79.99923199999998,0
1397057700,79.99923199999998,0
1397058000,79.99923199999998,0
1397058300,79.99923199999998,0
1397058600,79.99923199999998,0
1397058900,79.99923199999998,0
1397059200,79.99984640000002,0
1397059500,79.99984640000002,0
1397059800,79.99984640000002,0
1397060100,79.99984640000002,0
1397060400,79.99984640000002,0
1397060700,79.99984640000002,0
1397061000,79.99984640000002,0
1397061300,79.99984640000002,0
1397061600,79.99984640000002,0
1397061900,79.99984640000002,0
1397062200,79.99984640000002,0
1397062500,79.99984640000002,0
1397062800,79.99996928,0
1397063100,79.99996928,0
1397063400,79.99996928,0
1397063700,79.99996928,0
1397064000,79.99996928,0
1397064300,79.99996928,0
1397064600,79.99996928,0
1397064900,79.99996928,0
1397065200,79.99996928,0
1397065500,79.99996928,0
1397065800,79.99996928,0
1397066100,79.99996928,0
1397066400,31.999993856,0
1397066700,31.999993856,0
1397067000,31.999993856,0
1397067300,31.999993856,0
1397067600,31.999993856,0
1397067900,31.999993856,0
1397068200,31.999993856,0
1397068500,31.999993856,0
1397068800,31.999993856,0
1397069100,31.999993856,0
1397069400,31.999993856,0
1397069700,31.999993856,0
1397070000,22.3999987712,0
1397070300,22.3999987712,0
1397070600,22.3999987712,0
1397070900,22.3999987712,0
1397071200,22.3999987712,0
1397071500,22.3999987712,0
1397071800,22.3999987712,0
1397072100,22.3999987712,0
1397072400,22.3999987712,0
1397072700,22.3999987712,0
1397073000,22.3999987712,0
1397073300,22.3999987712,0
1397073600,20.4799997542,0
1397073900,20.4799997542,0
1397074200,20.4799997542,0
1397074500,20.4799997542,0
1397074800,20.4799997542,0
1397075100,20.4799997542,0
1397075400,20.4799997542,0
1397075700,20.4799997542,0
1397076000,20.4799997542,0
1397076300,20.4799997542,0
1397076600,20.4799997542,0
1397076900,20.4799997542,0
1397077200,20.0959999508,0
1397077500,20.0959999508,0
1397077800,20.0959999508,0
1397078100,20.0959999508,0
1397078400,20.0959999508,0
1397078700,20.0959999508,0
1397079000,20.0959999508,0
1397079300,20.0959999508,0
1397079600,20.0959999508,0
1397079900,20.0959999508,0
1397080200,20.0959999508,0
1397080500,20.0959999508,0
1397080800,20.0191999902,0
1397081100,20.0191999902,0
1397081400,20.0191999902,0
1397081700,20.0191999902,0
1397082000,20.0191999902,0
1397082300,20.0191999902,0
1397082600,20.0191999902,0
1397082900,20.0191999902,0
1397083200,20.0191999902,0
1397083500,20.0191999902,0
1397083800,20.0191999902,0
1397084100,20.0191999902,0
1397084400,20.003839998,0
1397084700,20.003839998,0
1397085000,20.003839998,0
1397085300,20.003839998,0
1397085600,20.003839998,0
1397085900,20.003839998,0
1397086200,20.003839998,0
1397086500,20.003839998,0
1397086800,20.003839998,0
1397087100,20.003839998,0
1397087400,20.003839998,0
1397087700,20.003839998,0
1397088000,20.0,0
1397088300,20.0,0
1397088600,20.0,0
1397088900,20.0,0
1397089200,20.0,0
1397089500,20.0,0
1397089800,20.0,0
1397090100,20.0,0
1397090400,20.0,0
1397090700,20.0,0
1397091000,20.0,0
1397091300,20.0,0
1397091600,20.0,0
1397091900,20.0,0
1397092200,20.0,0
1397092500,20.0,0
1397092800,20.0,0
1397093100,20.0,0
1397093400,20.0,0
1397093700,20.0,0
1397094000,20.0,0
1397094300,20.0,0
1397094600,20.0,0
1397094900,20.0,0
1397095200,20.0,0
1397095500,20.0,0
1397095800,20.0,0
1397096100,20.0,0
1397096400,20.0,0
1397096700,20.0,0
1397097000,20.0,0
1397097300,20.0,0
1397097600,20.0,0
1397097900,20.0,0
1397098200,20.0,0
1397098500,20.0,0
1397098800,20.0,0
1397099100,20.0,0
1397099400,20.0,0
1397099700,20.0,0
1397100000,20.0,0
1397100300,20.0,0
1397100600,20.0,0
1397100900,20.0,0
1397101200,20.0,0
1397101500,20.0,0
1397101800,20.0,0
1397102100,20.0,0
1397102400,20.0,0
1397102700,20.0,0
1397103000,20.0,0
1397103300,20.0,0
1397103600,20.0,0
1397103900,20.0,0
1397104200,20.0,0
1397104500,20.0,0
1397104800,20.0,0
1397105100,20.0,0
1397105400,20.0,0
1397105700,20.0,0
1397106000,20.0,0
1397106300,20.0,0
1397106600,20.0,0
1397106900,20.0,0
1397107200,20.0,0
1397107500,20.0,0
1397107800,20.0,0
1397108100,20.0,0
1397108400,20.0,0
1397108700,20.0,0
1397109000,20.0,0
1397109300,20.0,0
1397109600,20.0,0
1397109900,20.0,0
1397110200,20.0,0
1397110500,20.0,0
1397110800,20.0,0
1397111100,20.0,0
1397111400,20.0,0
1397111700,20.0,0
1397112000,20.0,0
1397112300,20.0,0
1397112600,20.0,0
1397112900,20.0,0
1397113200,20.0,0
1397113500,20.0,0
1397113800,20.0,0
1397114100,20.0,0
1397114400,20.0,0
1397114700,20.0,0
1397115000,20.0,0
1397115300,20.0,0
1397115600,20.0,0
1397115900,20.0,0
1397116200,20.0,0
1397116500,20.0,0
1397116800,20.0,0
1397117100,20.0,0
1397117400,20.0,0
1397117700,20.0,0
1397118000,20.0,0
1397118300,20.0,0
1397118600,20.0,0
1397118900,20.0,0
1397119200,20.0,0
1397119500,20.0,0
1397119800,20.0,0
1397120100,20.0,0
1397120400,68.0,0
1397120700,68.0,0
1397121000,68.0,0
1397121300,68.0,0
1397121600,68.0,0
1397121900,68.0,0
1397122200,68.0,0
1397122500,68.0,0
1397122800,68.0,0
1397123100,68.0,0
1397123400,68.0,0
1397123700,68.0,0
1397124000,77.6,0
1397124300,77.6,0
1397124600,77.6,0
1397124900,77.6,0
1397125200,77.6,0
1397125500,77.6,0
1397125800,77.6,0
1397126100,77.6,0
1397126400,77.6,0
1397126700,77.6,0
1397127000,77.6,0
1397127300,77.6,0
1397127600,79.52,0
1397127900,79.52,0
1397128200,79.52,0
1397128500,79.52,0
1397128800,79.52,0
1397129100,79.52,0
1397129400,79.52,0
1397129700,79.52,0
1397130000,79.52,0
1397130300,79.52,0
1397130600,79.52,0
1397130900,79.52,0
1397131200,79.904,0
1397131500,79.904,0
1397131800,79.904,0
1397132100,79.904,0
1397132400,79.904,0
1397132700,79.904,0
1397133000,79.904,0
1397133300,79.904,0
1397133600,79.904,0
1397133900,79.904,0
1397134200,79.904,0
1397134500,79.904,0
1397134800,79.9808,0
1397135100,79.9808,0
1397135400,79.9808,0
1397135700,79.9808,0
1397136000,79.9808,0
1397136300,79.9808,0
1397136600,79.9808,0
1397136900,79.9808,0
1397137200,79.9808,0
1397137500,79.9808,0
1397137800,79.9808,0
1397138100,79.9808,0
1397138400,79.99616,0
1397138700,79.99616,0
1397139000,79.99616,0
1397139300,79.99616,0
1397139600,79.99616,0
1397139900,79.99616,0
1397140200,79.99616,0
1397140500,79.99616,0
1397140800,79.99616,0
1397141100,79.99616,0
1397141400,79.99616,0
1397141700,79.99616,0
1397142000,79.99923199999998,0
1397142300,79.99923199999998,0
1397142600,79.99923199999998,0
1397142900,79.99923199999998,0
1397143200,79.99923199999998,0
1397143500,79.99923199999998,0
1397143800,79.99923199999998,0
1397144100,79.99923199999998,0
1397144400,79.99923199999998,0
1397144700,79.99923199999998,0
1397145000,79.99923199999998,0
1397145300,79.99923199999998,0
1397145600,79.99984640000002,0
1397145900,79.99984640000002,0
1397146200,79.99984640000002,0
1397146500,79.99984640000002,0
1397146800,79.99984640000002,0
1397147100,79.99984640000002,0
1397147400,79.99984640000002,0
1397147700,79.99984640000002,0
1397148000,79.99984640000002,0
1397148300,79.99984640000002,0
1397148600,79.99984640000002,0
1397148900,79.99984640000002,0
1397149200,79.99996928,0
1397149500,79.99996928,0
1397149800,79.99996928,0
1397150100,79.99996928,0
1397150400,79.99996928,0
1397150700,79.99996928,0
1397151000,79.99996928,0
1397151300,79.99996928,0
1397151600,79.99996928,0
1397151900,79.99996928,0
1397152200,79.99996928,0
1397152500,79.99996928,0
1397152800,31.999993856,0
1397153100,31.999993856,0
1397153400,31.999993856,0
1397153700,31.999993856,0
1397154000,31.999993856,0
1397154300,31.999993856,0
1397154600,31.999993856,0
1397154900,31.999993856,0
1397155200,31.999993856,0
1397155500,31.999993856,0
1397155800,31.999993856,0
1397156100,31.999993856,0
1397156400,22.3999987712,0
1397156700,22.3999987712,0
1397157000,22.3999987712,0
1397157300,22.3999987712,0
1397157600,22.3999987712,0
1397157900,22.3999987712,0
1397158200,22.3999987712,0
1397158500,22.3999987712,0
1397158800,22.3999987712,0
1397159100,22.3999987712,0
1397159400,22.3999987712,0
1397159700,22.3999987712,0
1397160000,20.4799997542,0
1397160300,20.4799997542,0
1397160600,20.4799997542,0
1397160900,20.4799997542,0
1397161200,20.4799997542,0
1397161500,20.4799997542,0
1397161800,20.4799997542,0
1397162100,20.4799997542,0
1397162400,20.4799997542,0
1397162700,20.4799997542,0
1397163000,20.4799997542,0
1397163300,20.4799997542,0
1397163600,20.0959999508,0
1397163900,20.0959999508,0
1397164200,20.0959999508,0
1397164500,20.0959999508,0
1397164800,20.0959999508,0
1397165100,20.0959999508,0
1397165400,20.0959999508,0
1397165700,20.0959999508,0
1397166000,20.0959999508,0
1397166300,20.0959999508,0
1397166600,20.0959999508,0
1397166900,20.0959999508,0
1397167200,20.0191999902,0
1397167500,20.0191999902,0
1397167800,20.0191999902,0
1397168100,20.0191999902,0
1397168400,20.0191999902,0
1397168700,20.0191999902,0
1397169000,20.0191999902,0
1397169300,20.0191999902,0
1397169600,20.0191999902,0
1397169900,20.0191999902,0
1397170200,20.0191999902,0
1397170500,20.0191999902,0
1397170800,20.003839998,0
1397171100,20.003839998,0
1397171400,20.003839998,0
1397171700,20.003839998,0
1397172000,20.003839998,0
1397172300,20.003839998,0
1397172600,20.003839998,0
1397172900,20.003839998,0
1397173200,20.003839998,0
1397173500,20.003839998,0
1397173800,20.003839998,0
1397174100,20.003839998,0
1397174400,20.0,0
1397174700,20.0,0
1397175000,20.0,0
1397175300,20.0,0
1397175600,20.0,0
1397175900,20.0,0
1397176200,20.0,0
1397176500,20.0,0
1397176800,20.0,0
1397177100,20.0,0
1397177400,20.0,0
1397177700,20.0,0
1397178000,20.0,0
1397178300,20.0,0
1397178600,20.0,0
1397178900,20.0,0
1397179200,20.0,0
1397179500,20.0,0
1397179800,20.0,0
1397180100,20.0,0
1397180400,20.0,0
1397180700,20.0,0
1397181000,20.0,0
1397181300,20.0,0
1397181600,20.0,0
1397181900,20.0,0
1397182200,20.0,0
1397182500,20.0,0
1397182800,20.0,0
1397183100,20.0,0
1397183400,20.0,0
1397183700,20.0,0
1397184000,20.0,0
1397184300,20.0,0
1397184600,20.0,0
1397184900,20.0,0
1397185200,20.0,0
1397185500,20.0,0
1397185800,20.0,0
1397186100,20.0,0
1397186400,20.0,0
1397186700,20.0,0
1397187000,20.0,0
1397187300,20.0,0
1397187600,20.0,0
1397187900,20.0,0
1397188200,20.0,0
1397188500,20.0,0
1397188800,20.0,0
1397189100,20.0,0
1397189400,20.0,0
1397189700,20.0,0
1397190000,20.0,0
1397190300,20.0,0
1397190600,20.0,0
1397190900,20.0,0
1397191200,20.0,0
1397191500,20.0,0
1397191800,20.0,0
1397192100,20.0,0
1397192400,20.0,0
1397192700,20.0,0
1397193000,20.0,0
1397193300,20.0,0
1397193600,20.0,0
1397193900,20.0,0
1397194200,20.0,0
1397194500,20.0,0
1397194800,20.0,0
1397195100,20.0,0
1397195400,20.0,0
1397195700,20.0,0
1397196000,20.0,0
1397196300,20.0,0
1397196600,20.0,0
1397196900,20.0,0
1397197200,20.0,0
1397197500,20.0,0
1397197800,20.0,0
1397198100,20.0,0
1397198400,20.0,0
1397198700,20.0,0
1397199000,20.0,0
1397199300,20.0,0
1397199600,20.0,0
1397199900,20.0,0
1397200200,20.0,0
1397200500,20.0,0
1397200800,20.0,0
1397201100,20.0,0
1397201400,20.0,0
1397201700,20.0,0
1397202000,20.0,0
1397202300,20.0,0
1397202600,20.0,0
1397202900,20.0,0
1397203200,20.0,0
1397203500,20.0,0
1397203800,20.0,0
1397204100,20.0,0
1397204400,20.0,0
1397204700,20.0,0
1397205000,20.0,0
1397205300,20.0,0
1397205600,20.0,0
1397205900,20.0,0
1397206200,20.0,0
1397206500,20.0,0
1397206800,68.0,0
1397207100,68.0,0
1397207400,68.0,0
1397207700,68.0,0
1397208000,68.0,0
1397208300,68.0,0
1397208600,68.0,0
1397208900,68.0,0
1397209200,68.0,0
1397209500,68.0,0
1397209800,68.0,0
1397210100,68.0,0
1397210400,77.6,0
1397210700,77.6,0
1397211000,77.6,0
1397211300,77.6,0
1397211600,77.6,0
1397211900,77.6,0
1397212200,77.6,0
1397212500,77.6,0
1397212800,77.6,0
1397213100,77.6,0
1397213400,77.6,0
1397213700,77.6,0
1397214000,79.52,0
1397214300,79.52,0
1397214600,79.52,0
1397214900,79.52,0
1397215200,79.52,0
1397215500,79.52,0
1397215800,79.52,0
1397216100,79.52,0
1397216400,79.52,0
1397216700,79.52,0
1397217000,79.52,0
1397217300,79.52,0
1397217600,79.904,0
1397217900,79.904,0
1397218200,79.904,0
1397218500,79.904,0
1397218800,79.904,0
1397219100,79.904,0
1397219400,79.904,0
1397219700,79.904,0
1397220000,79.904,0
1397220300,79.904,0
1397220600,79.904,0
1397220900,79.904,0
1397221200,79.9808,0
1397221500,79.9808,0
1397221800,79.9808,0
1397222100,79.9808,0
1397222400,79.9808,0
1397222700,79.9808,0
1397223000,79.9808,0
1397223300,79.9808,0
1397223600,79.9808,0
1397223900,79.9808,0
1397224200,79.9808,0
1397224500,79.9808,0
1397224800,79.99616,0
1397225100,79.99616,0
1397225400,79.99616,0
1397225700,79.99616,0
1397226000,79.99616,0
1397226300,79.99616,0
1397226600,79.99616,0
1397226900,79.99616,0
1397227200,79.99616,0
1397227500,79.99616,0
1397227800,79.99616,0
1397228100,79.99616,0
1397228400,79.99923199999998,0
1397228700,79.99923199999998,0
1397229000,79.99923199999998,0
1397229300,79.99923199999998,0
1397229600,79.99923199999998,0
1397229900,79.99923199999998,0
1397230200,79.99923199999998,0
1397230500,79.99923199999998,0
1397230800,79.99923199999998,0
1397231100,79.99923199999998,0
1397231400,79.99923199999998,0
1397231700,79.99923199999998,0
1397232000,79.99984640000002,0
1397232300,79.99984640000002,0
1397232600,79.99984640000002,0
1397232900,79.99984640000002,0
1397233200,79.99984640000002,0
1397233500,79.99984640000002,0
1397233800,79.99984640000002,0
1397234100,79.99984640000002,0
1397234400,79.99984640000002,0
1397234700,79.99984640000002,0
1397235000,79.99984640000002,0
1397235300,79.99984640000002,0
1397235600,79.99996928,0
1397235900,79.99996928,0
1397236200,79.99996928,0
1397236500,79.99996928,0
1397236800,79.99996928,0
1397237100,79.99996928,0
1397237400,79.99996928,0
1397237700,79.99996928,0
1397238000,79.99996928,0
1397238300,79.99996928,0
1397238600,79.99996928,0
1397238900,79.99996928,0
1397239200,31.999993856,0
1397239500,31.999993856,0
1397239800,31.999993856,0
1397240100,31.999993856,0
1397240400,31.999993856,0
1397240700,31.999993856,0
1397241000,31.999993856,0
1397241300,31.999993856,0
1397241600,31.999993856,0
1397241900,31.999993856,0
1397242200,31.999993856,0
1397242500,31.999993856,0
1397242800,22.3999987712,0
1397243100,22.3999987712,0
1397243400,22.3999987712,0
1397243700,22.3999987712,0
1397244000,22.3999987712,0
1397244300,22.3999987712,0
1397244600,22.3999987712,0
1397244900,22.3999987712,0
1397245200,22.3999987712,0
1397245500,22.3999987712,0
1397245800,22.3999987712,0
1397246100,22.3999987712,0
1397246400,20.4799997542,0
1397246700,20.4799997542,0
1397247000,20.4799997542,0
1397247300,20.4799997542,0
1397247600,20.4799997542,0
1397247900,20.4799997542,0
1397248200,20.4799997542,0
1397248500,20.4799997542,0
1397248800,20.4799997542,0
1397249100,20.4799997542,0
1397249400,20.4799997542,0
1397249700,20.4799997542,0
1397250000,20.0959999508,0
1397250300,20.0959999508,0
1397250600,20.0959999508,0
1397250900,20.0959999508,0
1397251200,20.0959999508,0
1397251500,20.0959999508,0
1397251800,20.0959999508,0
1397252100,20.0959999508,0
1397252400,20.0959999508,0
1397252700,20.0959999508,0
1397253000,20.0959999508,0
1397253300,20.0959999508,0
1397253600,20.0191999902,0
1397253900,20.0191999902,0
1397254200,20.0191999902,0
1397254500,20.0191999902,0
1397254800,20.0191999902,0
1397255100,20.0191999902,0
1397255400,20.0191999902,0
1397255700,20.0191999902,0
1397256000,20.0191999902,0
1397256300,20.0191999902,0
1397256600,20.0191999902,0
1397256900,20.0191999902,0
1397257200,20.003839998,0
1397257500,20.003839998,0
1397257800,20.003839998,0
1397258100,20.003839998,0
1397258400,20.003839998,0
1397258700,20.003839998,0
1397259000,20.003839998,0
1397259300,20.003839998,0
1397259600,20.003839998,0
1397259900,20.003839998,0
1397260200,20.003839998,0
1397260500,20.003839998,0
1397260800,20.0,0
1397261100,20.0,0
1397261400,20.0,0
1397261700,20.0,0
1397262000,20.0,0
1397262300,20.0,0
1397262600,20.0,0
1397262900,20.0,0
1397263200,20.0,0
1397263500,20.0,0
1397263800,20.0,0
1397264100,20.0,0
1397264400,20.0,0
1397264700,20.0,0
1397265000,20.0,0
1397265300,20.0,0
1397265600,20.0,0
1397265900,20.0,0
1397266200,20.0,0
1397266500,20.0,0
1397266800,20.0,0
1397267100,20.0,0
1397267400,20.0,0
1397267700,20.0,0
1397268000,20.0,0
1397268300,20.0,0
1397268600,20.0,0
1397268900,20.0,0
1397269200,20.0,0
1397269500,20.0,0
1397269800,20.0,0
1397270100,20.0,0
1397270400,20.0,0
1397270700,20.0,0
1397271000,20.0,0
1397271300,20.0,0
1397271600,20.0,0
1397271900,20.0,0
1397272200,20.0,0
1397272500,20.0,0
1397272800,20.0,0
1397273100,20.0,0
1397273400,20.0,0
1397273700,20.0,0
1397274000,20.0,0
1397274300,20.0,0
1397274600,20.0,0
1397274900,20.0,0
1397275200,20.0,0
1397275500,20.0,0
1397275800,20.0,0
1397276100,20.0,0
1397276400,20.0,0
1397276700,20.0,0
1397277000,20.0,0
1397277300,20.0,0
1397277600,20.0,0
1397277900,20.0,0
1397278200,20.0,0
1397278500,20.0,0
1397278800,20.0,0
1397279100,20.0,0
1397279400,20.0,0
1397279700,20.0,0
1397280000,20.0,0
1397280300,20.0,0
1397280600,20.0,0
1397280900,20.0,0
1397281200,20.0,0
1397281500,20.0,0
1397281800,20.0,0
1397282100,20.0,0
1397282400,20.0,0
1397282700,20.0,0
1397283000,20.0,0
1397283300,20.0,0
1397283600,20.0,0
1397283900,20.0,0
1397284200,20.0,0
1397284500,20.0,0
1397284800,20.0,0
1397285100,20.0,0
1397285400,20.0,0
1397285700,20.0,0
1397286000,20.0,0
1397286300,20.0,0
1397286600,20.0,0
1397286900,20.0,0
1397287200,20.0,0
1397287500,20.0,0
1397287800,20.0,0
1397288100,20.0,0
1397288400,20.0,0
1397288700,20.0,0
1397289000,20.0,0
1397289300,20.0,0
1397289600,20.0,0
1397289900,20.0,0
1397290200,20.0,0
1397290500,20.0,0
1397290800,20.0,0
1397291100,20.0,0
1397291400,20.0,0
1397291700,20.0,0
1397292000,20.0,0
1397292300,20.0,0
1397292600,20.0,0
1397292900,20.0,0
1397293200,68.0,0
1397293500,68.0,0
1397293800,68.0,0
1397294100,68.0,0
1397294400,68.0,0
1397294700,68.0,0
1397295000,68.0,0
1397295300,68.0,0
1397295600,68.0,0
1397295900,68.0,0
1397296200,68.0,0
1397296500,68.0,0
1397296800,77.6,0
1397297100,77.6,0
1397297400,77.6,0
1397297700,77.6,0
1397298000,77.6,0
1397298300,77.6,0
1397298600,77.6,0
1397298900,77.6,0
1397299200,77.6,0
1397299500,77.6,0
1397299800,77.6,0
1397300100,77.6,0
1397300400,79.52,0
1397300700,79.52,0
1397301000,79.52,0
1397301300,79.52,0
1397301600,79.52,0
1397301900,79.52,0
1397302200,79.52,0
1397302500,79.52,0
1397302800,79.52,0
1397303100,79.52,0
1397303400,79.52,0
1397303700,79.52,0
1397304000,79.904,0
1397304300,79.904,0
1397304600,79.904,0
1397304900,79.904,0
1397305200,79.904,0
1397305500,79.904,0
1397305800,79.904,0
1397306100,79.904,0
1397306400,79.904,0
1397306700,79.904,0
1397307000,79.904,0
1397307300,79.904,0
1397307600,79.9808,0
1397307900,79.9808,0
1397308200,79.9808,0
1397308500,79.9808,0
1397308800,79.9808,0
1397309100,79.9808,0
1397309400,79.9808,0
1397309700,79.9808,0
1397310000,79.9808,0
1397310300,79.9808,0
1397310600,79.9808,0
1397310900,79.9808,0
1397311200,79.99616,0
1397311500,79.99616,0
1397311800,79.99616,0
1397312100,79.99616,0
1397312400,79.99616,0
1397312700,79.99616,0
1397313000,79.99616,0
1397313300,79.99616,0
1397313600,79.99616,0
1397313900,79.99616,0
1397314200,79.99616,0
1397314500,79.99616,0
1397314800,79.99923199999998,0
1397315100,79.99923199999998,0
1397315400,79.99923199999998,0
1397315700,79.99923199999998,0
1397316000,79.99923199999998,0
1397316300,79.99923199999998,0
1397316600,79.99923199999998,0
1397316900,79.99923199999998,0
1397317200,79.99923199999998,0
1397317500,79.99923199999998,0
1397317800,79.99923199999998,0
1397318100,79.99923199999998,0
1397318400,79.99984640000002,0
1397318700,79.99984640000002,0
1397319000,79.99984640000002,0
1397319300,79.99984640000002,0
1397319600,79.99984640000002,0
1397319900,79.99984640000002,0
1397320200,79.99984640000002,0
1397320500,79.99984640000002,0
1397320800,79.99984640000002,0
1397321100,79.99984640000002,0
1397321400,79.99984640000002,0
1397321700,79.99984640000002,0
1397322000,79.99996928,0
1397322300,79.99996928,0
1397322600,79.99996928,0
1397322900,79.99996928,0
1397323200,79.99996928,0
1397323500,79.99996928,0
1397323800,79.99996928,0
1397324100,79.99996928,0
1397324400,79.99996928,0
1397324700,79.99996928,0
1397325000,79.99996928,0
1397325300,79.99996928,0
1397325600,31.999993856,0
1397325900,31.999993856,0
1397326200,31.999993856,0
1397326500,31.999993856,0
1397326800,31.999993856,0
1397327100,31.999993856,0
1397327400,31.999993856,0
1397327700,31.999993856,0
1397328000,31.999993856,0
1397328300,31.999993856,0
1397328600,31.999993856,0
1397328900,31.999993856,0
1397329200,22.3999987712,0
1397329500,22.3999987712,0
1397329800,22.3999987712,0
1397330100,22.3999987712,0
1397330400,22.3999987712,0
1397330700,22.3999987712,0
1397331000,22.3999987712,0
1397331300,22.3999987712,0
1397331600,22.3999987712,0
1397331900,22.3999987712,0
1397332200,22.3999987712,0
1397332500,22.3999987712,0
1397332800,20.4799997542,0
1397333100,20.4799997542,0
1397333400,20.4799997542,0
1397333700,20.4799997542,0
1397334000,20.4799997542,0
1397334300,20.4799997542,0
1397334600,20.4799997542,0
1397334900,20.4799997542,0
1397335200,20.4799997542,0
1397335500,20.4799997542,0
1397335800,20.4799997542,0
1397336100,20.4799997542,0
1397336400,20.0959999508,0
1397336700,20.0959999508,0
1397337000,20.0959999508,0
1397337300,20.0959999508,0
1397337600,20.0959999508,0
1397337900,20.0959999508,0
1397338200,20.0959999508,0
1397338500,20.0959999508,0
1397338800,20.0959999508,0
1397339100,20.0959999508,0
1397339400,20.0959999508,0
1397339700,20.0959999508,0
1397340000,20.0191999902,0
1397340300,20.0191999902,0
1397340600,20.0191999902,0
1397340900,20.0191999902,0
1397341200,20.0191999902,0
1397341500,20.0191999902,0
1397341800,20.0191999902,0
1397342100,20.0191999902,0
1397342400,20.0191999902,0
1397342700,20.0191999902,0
1397343000,20.0191999902,0
1397343300,20.0191999902,0
1397343600,20.003839998,0
1397343900,20.003839998,0
1397344200,20.003839998,0
1397344500,20.003839998,0
1397344800,20.003839998,0
1397345100,20.003839998,0
1397345400,20.003839998,0
1397345700,20.003839998,0
1397346000,20.003839998,0
1397346300,20.003839998,0
1397346600,20.003839998,0
1397346900,20.003839998,0
1397347200,20.0,0
1397347500,20.0,0
1397347800,20.0,0
1397348100,20.0,0
1397348400,20.0,0
1397348700,20.0,0
1397349000,20.0,0
1397349300,20.0,0
1397349600,20.0,0
1397349900,20.0,0
1397350200,20.0,0
1397350500,20.0,0
1397350800,20.0,0
1397351100,20.0,0
1397351400,20.0,0
1397351700,20.0,0
1397352000,20.0,0
1397352300,20.0,0
1397352600,20.0,0
1397352900,20.0,0
1397353200,20.0,0
1397353500,20.0,0
1397353800,20.0,0
1397354100,20.0,0
1397354400,20.0,0
1397354700,20.0,0
1397355000,20.0,0
1397355300,20.0,0
1397355600,20.0,0
1397355900,20.0,0
1397356200,20.0,0
1397356500,20.0,0
1397356800,20.0,0
1397357100,20.0,0
1397357400,20.0,0
1397357700,20.0,0
1397358000,20.0,0
1397358300,20.0,0
1397358600,20.0,0
1397358900,20.0,0
1397359200,20.0,0
1397359500,20.0,0
1397359800,20.0,0
1397360100,20.0,0
1397360400,20.0,0
1397360700,20.0,0
1397361000,20.0,0
1397361300,20.0,0
1397361600,20.0,0
1397361900,20.0,0
1397362200,20.0,0
1397362500,20.0,0
1397362800,20.0,0
1397363100,20.0,0
1397363400,20.0,0
1397363700,20.0,0
1397364000,20.0,0
1397364300,20.0,0
1397364600,20.0,0
1397364900,20.0,0
1397365200,20.0,0
1397365500,20.0,0
1397365800,20.0,0
1397366100,20.0,0
1397366400,20.0,0
1397366700,20.0,0
1397367000,20.0,0
1397367300,20.0,0
1397367600,20.0,0
1397367900,20.0,0
1397368200,20.0,0
1397368500,20.0,0
1397368800,20.0,0
1397369100,20.0,0
1397369400,20.0,0
1397369700,20.0,0
1397370000,20.0,0
1397370300,20.0,0
1397370600,20.0,0
1397370900,20.0,0
1397371200,20.0,0
1397371500,20.0,0
1397371800,20.0,0
1397372100,20.0,0
1397372400,20.0,0
1397372700,20.0,0
1397373000,20.0,0
1397373300,20.0,0
1397373600,20.0,0
1397373900,20.0,0
1397374200,20.0,0
1397374500,20.0,0
1397374800,20.0,0
1397375100,20.0,0
1397375400,20.0,0
1397375700,20.0,0
1397376000,20.0,0
1397376300,20.0,0
1397376600,20.0,0
1397376900,20.0,0
1397377200,20.0,0
1397377500,20.0,0
1397377800,20.0,0
1397378100,20.0,0
1397378400,20.0,0
1397378700,20.0,0
1397379000,20.0,0
1397379300,20.0,0
1397379600,68.0,0
1397379900,68.0,0
1397380200,68.0,0
1397380500,68.0,0
1397380800,68.0,0
1397381100,68.0,0
1397381400,68.0,0
1397381700,68.0,0
1397382000,68.0,0
1397382300,68.0,0
1397382600,68.0,0
1397382900,68.0,0
1397383200,77.6,0
1397383500,77.6,0
1397383800,77.6,0
1397384100,77.6,0
1397384400,77.6,0
1397384700,77.6,0
1397385000,77.6,0
1397385300,77.6,0
1397385600,77.6,0
1397385900,77.6,0
1397386200,77.6,0
1397386500,77.6,0
1397386800,79.52,0
1397387100,79.52,0
1397387400,79.52,0
1397387700,79.52,0
1397388000,79.52,0
1397388300,79.52,0
1397388600,79.52,0
1397388900,79.52,0
1397389200,79.52,0
1397389500,79.52,0
1397389800,79.52,0
1397390100,79.52,0
1397390400,79.904,0
1397390700,79.904,0
1397391000,79.904,0
1397391300,79.904,0
1397391600,79.904,0
1397391900,79.904,0
1397392200,79.904,0
1397392500,79.904,0
1397392800,79.904,0
1397393100,79.904,0
1397393400,79.904,0
1397393700,79.904,0
1397394000,79.9808,0
1397394300,79.9808,0
1397394600,79.9808,0
1397394900,79.9808,0
1397395200,79.9808,0
1397395500,79.9808,0
1397395800,79.9808,0
1397396100,79.9808,0
1397396400,79.9808,0
1397396700,79.9808,0
1397397000,79.9808,0
1397397300,79.9808,0
1397397600,79.99616,0
1397397900,79.99616,0
1397398200,79.99616,0
1397398500,79.99616,0
1397398800,79.99616,0
1397399100,79.99616,0
1397399400,79.99616,0
1397399700,79.99616,0
1397400000,79.99616,0
1397400300,79.99616,0
1397400600,79.99616,0
1397400900,79.99616,0
1397401200,79.99923199999998,0
1397401500,79.99923199999998,0
1397401800,79.99923199999998,0
1397402100,79.99923199999998,0
1397402400,79.99923199999998,0
1397402700,79.99923199999998,0
1397403000,79.99923199999998,0
1397403300,79.99923199999998,0
1397403600,79.99923199999998,0
1397403900,79.99923199999998,0
1397404200,79.99923199999998,0
1397404500,79.99923199999998,0
1397404800,79.99984640000002,0
1397405100,79.99984640000002,0
1397405400,79.99984640000002,0
1397405700,79.99984640000002,0
1397406000,79.99984640000002,0
1397406300,79.99984640000002,0
1397406600,79.99984640000002,0
1397406900,79.99984640000002,0
1397407200,79.99984640000002,0
1397407500,79.99984640000002,0
1397407800,79.99984640000002,0
1397408100,79.99984640000002,0
1397408400,79.99996928,0
1397408700,79.99996928,0
1397409000,79.99996928,0
1397409300,79.99996928,0
1397409600,79.99996928,0
1397409900,79.99996928,0
1397410200,79.99996928,0
1397410500,79.99996928,0
1397410800,79.99996928,0
1397411100,79.99996928,0
1397411400,79.99996928,0
1397411700,79.99996928,0
1397412000,31.999993856,0
1397412300,31.999993856,0
1397412600,31.999993856,0
1397412900,31.999993856,0
1397413200,31.999993856,0
1397413500,31.999993856,0
1397413800,31.999993856,0
1397414100,31.999993856,0
1397414400,31.999993856,0
1397414700,31.999993856,0
1397415000,31.999993856,0
1397415300,31.999993856,0
1397415600,22.3999987712,0
1397415900,22.3999987712,0
1397416200,22.3999987712,0
1397416500,22.3999987712,0
1397416800,22.3999987712,0
1397417100,22.3999987712,0
1397417400,22.3999987712,0
1397417700,22.3999987712,0
1397418000,22.3999987712,0
1397418300,22.3999987712,0
1397418600,22.3999987712,0
1397418900,22.3999987712,0
1397419200,20.4799997542,0
1397419500,20.4799997542,0
1397419800,20.4799997542,0
1397420100,20.4799997542,0
1397420400,20.4799997542,0
1397420700,20.4799997542,0
1397421000,20.4799997542,0
1397421300,20.4799997542,0
1397421600,20.4799997542,0
1397421900,20.4799997542,0
1397422200,20.4799997542,0
1397422500,20.4799997542,0
1397422800,20.0959999508,0
1397423100,20.0959999508,0
1397423400,20.0959999508,0
1397423700,20.0959999508,0
1397424000,20.0959999508,0
1397424300,20.0959999508,0
1397424600,20.0959999508,0
1397424900,20.0959999508,0
1397425200,20.0959999508,0
1397425500,20.0959999508,0
1397425800,20.0959999508,0
1397426100,20.0959999508,0
1397426400,20.0191999902,0
1397426700,20.0191999902,0
1397427000,20.0191999902,0
1397427300,20.0191999902,0
1397427600,20.0191999902,0
1397427900,20.0191999902,0
1397428200,20.0191999902,0
1397428500,20.0191999902,0
1397428800,20.0191999902,0
1397429100,20.0191999902,0
1397429400,20.0191999902,0
1397429700,20.0191999902,0
1397430000,20.003839998,0
1397430300,20.003839998,0
1397430600,20.003839998,0
1397430900,20.003839998,0
1397431200,20.003839998,0
1397431500,20.003839998,0
1397431800,20.003839998,0
1397432100,20.003839998,0
1397432400,20.003839998,0
1397432700,20.003839998,0
1397433000,20.003839998,0
1397433300,20.003839998,0
1397433600,20.0,0
1397433900,20.0,0
1397434200,20.0,0
1397434500,20.0,0
1397434800,20.0,0
1397435100,20.0,0
1397435400,20.0,0
1397435700,20.0,0
1397436000,20.0,0
1397436300,20.0,0
1397436600,20.0,0
1397436900,20.0,0
1397437200,20.0,0
1397437500,20.0,0
1397437800,20.0,0
1397438100,20.0,0
1397438400,20.0,0
1397438700,20.0,0
1397439000,20.0,0
1397439300,20.0,0
1397439600,20.0,0
1397439900,20.0,0
1397440200,20.0,0
1397440500,20.0,0
1397440800,20.0,0
1397441100,20.0,0
1397441400,20.0,0
1397441700,20.0,0
1397442000,20.0,0
1397442300,20.0,0
1397442600,20.0,0
1397442900,20.0,0
1397443200,20.0,0
1397443500,20.0,0
1397443800,20.0,0
1397444100,20.0,0
1397444400,20.0,0
1397444700,20.0,0
1397445000,20.0,0
1397445300,20.0,0
1397445600,20.0,0
1397445900,20.0,0
1397446200,20.0,0
1397446500,20.0,0
1397446800,20.0,0
1397447100,20.0,0
1397447400,20.0,0
1397447700,20.0,0
1397448000,20.0,0
1397448300,20.0,0
1397448600,20.0,0
1397448900,20.0,0
1397449200,20.0,0
1397449500,20.0,0
1397449800,20.0,0
1397450100,20.0,0
1397450400,20.0,0
1397450700,20.0,0
1397451000,20.0,0
1397451300,20.0,0
1397451600,20.0,0
1397451900,20.0,0
1397452200,20.0,0
1397452500,20.0,0
1397452800,20.0,0
1397453100,20.0,0
1397453400,20.0,0
1397453700,20.0,0
1397454000,20.0,0
1397454300,20.0,0
1397454600,20.0,0
1397454900,20.0,0
1397455200,20.0,0
1397455500,20.0,0
1397455800,20.0,0
1397456100,20.0,0
1397456400,20.0,0
1397456700,20.0,0
1397457000,20.0,0
1397457300,20.0,0
1397457600,20.0,0
1397457900,20.0,0
1397458200,20.0,0
1397458500,20.0,0
1397458800,20.0,0
1397459100,20.0,0
1397459400,20.0,0
1397459700,20.0,0
1397460000,20.0,0
1397460300,20.0,0
1397460600,20.0,0
1397460900,20.0,0
1397461200,20.0,0
1397461500,20.0,0
1397461800,20.0,0
1397462100,20.0,0
1397462400,20.0,0
1397462700,20.0,0
1397463000,20.0,0
1397463300,20.0,0
1397463600,20.0,0
1397463900,20.0,0
1397464200,20.0,0
1397464500,20.0,0
1397464800,20.0,0
1397465100,20.0,0
1397465400,20.0,0
1397465700,20.0,0
1397466000,68.0,0
1397466300,68.0,0
1397466600,68.0,0
1397466900,68.0,0
1397467200,68.0,0
1397467500,68.0,0
1397467800,68.0,0
1397468100,68.0,0
1397468400,68.0,0
1397468700,68.0,0
1397469000,68.0,0
1397469300,68.0,0
1397469600,77.6,0
1397469900,77.6,0
1397470200,77.6,0
1397470500,77.6,0
1397470800,77.6,0
1397471100,77.6,0
1397471400,77.6,0
1397471700,77.6,0
1397472000,77.6,0
1397472300,77.6,0
1397472600,77.6,0
1397472900,77.6,0
1397473200,79.52,0
1397473500,79.52,0
1397473800,79.52,0
1397474100,79.52,0
1397474400,79.52,0
1397474700,79.52,0
1397475000,79.52,0
1397475300,79.52,0
1397475600,79.52,0
1397475900,79.52,0
1397476200,79.52,0
1397476500,79.52,0
1397476800,79.904,0
1397477100,79.904,0
1397477400,79.904,0
1397477700,79.904,0
1397478000,79.904,0
1397478300,79.904,0
1397478600,79.904,0
1397478900,79.904,0
1397479200,79.904,0
1397479500,79.904,0
1397479800,79.904,0
1397480100,79.904,0
1397480400,79.9808,0
1397480700,79.9808,0
1397481000,79.9808,0
1397481300,79.9808,0
1397481600,79.9808,0
1397481900,79.9808,0
1397482200,79.9808,0
1397482500,79.9808,0
1397482800,79.9808,0
1397483100,79.9808,0
1397483400,79.9808,0
1397483700,79.9808,0
1397484000,79.99616,0
1397484300,79.99616,0
1397484600,79.99616,0
1397484900,79.99616,0
1397485200,79.99616,0
1397485500,79.99616,0
1397485800,79.99616,0
1397486100,79.99616,0
1397486400,79.99616,0
1397486700,79.99616,0
1397487000,79.99616,0
1397487300,79.99616,0
1397487600,79.99923199999998,0
1397487900,79.99923199999998,0
1397488200,79.99923199999998,0
1397488500,79.99923199999998,0
1397488800,79.99923199999998,0
1397489100,79.99923199999998,0
1397489400,79.99923199999998,0
1397489700,79.99923199999998,0
1397490000,79.99923199999998,0
1397490300,79.99923199999998,0
1397490600,79.99923199999998,0
1397490900,79.99923199999998,0
1397491200,79.99984640000002,0
1397491500,79.99984640000002,0
1397491800,79.99984640000002,0
1397492100,79.99984640000002,0
1397492400,79.99984640000002,0
1397492700,79.99984640000002,0
1397493000,79.99984640000002,0
1397493300,79.99984640000002,0
1397493600,79.99984640000002,0
1397493900,79.99984640000002,0
1397494200,79.99984640000002,0
1397494500,79.99984640000002,0
1397494800,79.99996928,0
1397495100,79.99996928,0
1397495400,79.99996928,0
1397495700,79.99996928,0
1397496000,79.99996928,0
1397496300,79.99996928,0
1397496600,79.99996928,0
1397496900,79.99996928,0
1397497200,79.99996928,0
1397497500,79.99996928,0
1397497800,79.99996928,0
1397498100,79.99996928,0
1397498400,31.999993856,0
1397498700,31.999993856,0
1397499000,31.999993856,0
1397499300,31.999993856,0
1397499600,31.999993856,0
1397499900,31.999993856,0
1397500200,31.999993856,0
1397500500,31.999993856,0
1397500800,31.999993856,0
1397501100,31.999993856,0
1397501400,31.999993856,0
1397501700,31.999993856,0
1397502000,22.3999987712,0
1397502300,22.3999987712,0
1397502600,22.3999987712,0
1397502900,22.3999987712,0
1397503200,22.3999987712,0
1397503500,22.3999987712,0
1397503800,22.3999987712,0
1397504100,22.3999987712,0
1397504400,22.3999987712,0
1397504700,22.3999987712,0
1397505000,22.3999987712,0
1397505300,22.3999987712,0
1397505600,20.4799997542,0
1397505900,20.4799997542,0
1397506200,20.4799997542,0
1397506500,20.4799997542,0
1397506800,20.4799997542,0
1397507100,20.4799997542,0
1397507400,20.4799997542,0
1397507700,20.4799997542,0
1397508000,20.4799997542,0
1397508300,20.4799997542,0
1397508600,20.4799997542,0
1397508900,20.4799997542,0
1397509200,20.0959999508,0
1397509500,20.0959999508,0
1397509800,20.0959999508,0
1397510100,20.0959999508,0
1397510400,20.0959999508,0
1397510700,20.0959999508,0
1397511000,20.0959999508,0
1397511300,20.0959999508,0
1397511600,20.0959999508,0
1397511900,20.0959999508,0
1397512200,20.0959999508,0
1397512500,20.0959999508,0
1397512800,20.0191999902,0
1397513100,20.0191999902,0
1397513400,20.0191999902,0
1397513700,20.0191999902,0
1397514000,20.0191999902,0
1397514300,20.0191999902,0
1397514600,20.0191999902,0
1397514900,20.0191999902,0
1397515200,20.0191999902,0
1397515500,20.0191999902,0
1397515800,20.0191999902,0
1397516100,20.0191999902,0
1397516400,20.003839998,0
1397516700,20.003839998,0
1397517000,20.003839998,0
1397517300,20.003839998,0
1397517600,20.003839998,0
1397517900,20.003839998,0
1397518200,20.003839998,0
1397518500,20.003839998,0
1397518800,20.003839998,0
1397519100,20.003839998,0
1397519400,20.003839998,0
1397519700,20.003839998,0
